SET SQL_MODE = "NO_AUTO_VALUE_ON_ZERO";
START TRANSACTION;
SET time_zone = "+00:00";

--
-- Adatbázis: `pizzapapa`
--
CREATE DATABASE IF NOT EXISTS `pizzapapa` DEFAULT CHARACTER SET utf8mb4 COLLATE utf8mb4_general_ci;
USE `pizzapapa`;

-- --------------------------------------------------------

--
-- Tábla szerkezet ehhez a táblához `felhasznalok`
--

CREATE TABLE `felhasznalok` (
  `id` int(10) UNSIGNED NOT NULL,
  `csaladi_nev` varchar(45) NOT NULL DEFAULT '',
  `uto_nev` varchar(45) NOT NULL DEFAULT '',
  `login` varchar(12) NOT NULL DEFAULT '',
  `jelszo` varchar(40) NOT NULL DEFAULT ''
) ENGINE=InnoDB DEFAULT CHARSET=utf8mb4;

-- --------------------------------------------------------

--
-- Tábla szerkezet ehhez a táblához `hirek`
--

CREATE TABLE `uzenetek` (
  `id` int(11) NOT NULL,
  `uzenet` varchar(2000) NOT NULL,
  `nev` varchar(50) NOT NULL,
  `datum` datetime NOT NULL DEFAULT current_timestamp()
) ENGINE=InnoDB DEFAULT CHARSET=utf8mb4;

--
-- Tábla szerkezet ehhez a táblához `kategória`
--

CREATE TABLE `kategoria` (
  `nev` varchar(45) NOT NULL DEFAULT '',
  `ar` int(11) NOT NULL
) ENGINE=InnoDB DEFAULT CHARSET=utf8mb4;

--
-- Tábla szerkezet ehhez a táblához `pizza`
--

CREATE TABLE `pizza` (
  `nev` varchar(45) NOT NULL DEFAULT '',
  `kategorianev` varchar(45) NOT NULL DEFAULT '',
  `vegetarianus` boolean
) ENGINE=InnoDB DEFAULT CHARSET=utf8mb4;

--
-- Tábla szerkezet ehhez a táblához `pizza`
--

CREATE TABLE `rendeles` (
  `az` int(3) NOT NULL AUTO_INCREMENT PRIMARY KEY,
  `pizzanev` varchar (20) NOT NULL DEFAULT '',
  `darab` int(3) NOT NULL,    
  `felvetel` datetime NOT NULL DEFAULT current_timestamp(),
  `kiszallitas` datetime NOT NULL DEFAULT current_timestamp()
) ENGINE=InnoDB DEFAULT CHARSET=utf8mb4;

--
-- Indexek a kiírt táblákhoz
--

--
-- A tábla indexei `felhasznalok`
--
ALTER TABLE `felhasznalok`
  ADD PRIMARY KEY (`id`);

--
-- A tábla indexei `hirek`
--
ALTER TABLE `uzenetek`
  ADD PRIMARY KEY (`id`);

--
-- A tábla indexei `kategoria`
--
ALTER TABLE `kategoria`
  ADD PRIMARY KEY (`nev`);

--
-- A tábla indexei `pizza`
--
ALTER TABLE `pizza`
  ADD PRIMARY KEY (`nev`);

--
-- A kiírt táblák AUTO_INCREMENT értéke
--

--
-- AUTO_INCREMENT a táblához `felhasznalok`
--
ALTER TABLE `felhasznalok`
  MODIFY `id` int(10) UNSIGNED NOT NULL AUTO_INCREMENT, AUTO_INCREMENT=7;

--
-- AUTO_INCREMENT a táblához `uzenetek`
--
ALTER TABLE `uzenetek`
  MODIFY `id` int(11) NOT NULL AUTO_INCREMENT, AUTO_INCREMENT=15;
COMMIT;

--
-- Adatimportálás 'pizza'
--

INSERT INTO `pizzapapa`.`pizza`(`nev`,`kategorianev`,`vegetarianus`) VALUES 

("Áfonyás","király",0),("Babos","lovag",0),("Barbecue chicken","lovag",0),("Betyáros","király",0),("Caribi","apród",0),("Country","király",0),("Csabesz","király",0),("Csupa sajt","lovag",1),("Erdő kapitánya","apród",0),("Erős János","lovag",0),("Excellent","király",0),("Főnök kedvence","lovag",0),("Francia","főnemes",0),("Frankfurti","király",0),("Füstös","lovag",0),("Gino","király",0),("Gombás","apród",1),("Góré","lovag",0),("Görög","király",0),("Gyros pizza","király",0),("HamAndEggs","lovag",0),("Hamm","lovag",0),("Hawaii","főnemes",0),("Hellas","király",0),("Hercegnő","király",0),("Ilike","lovag",0),("Ínyenc","lovag",0),("Jázmin álma","lovag",0),("Jobbágy","király",0),("Juhtúrós","lovag",0),("Kagylós","király",0),("Kétszínű","lovag",0),("Kiadós","király",0),("Király pizza","király",0),("Kívánság","lovag",1),("Kolbászos","apród",0),("Lagúna","király",1),("Lecsó","király",0),("Maffiózó","lovag",0),("Magvas","király",1),("Magyaros","lovag",0),("Máj Fair Lady","király",0),("Mamma fia","király",0),("Mexikói","főnemes",0),("Mixi","főnemes",1),("Nikó","király",0),("Nordic","király",0),("Nyuszó-Muszó","király",0),("Pacalos","lovag",0),("Pástétomos","király",0),("Pásztor","lovag",0),("Pipis","lovag",0),("Popey","király",0),("Quattro","király",0),("Ráki","király",0),("Rettenetes magyar","lovag",0),("Röfi","király",0),("Sajtos","apród",1),("So-ku","apród",0),("Son-go-ku","főnemes",1),("Sonkás","apród",0),("Spanyol","király",0),("Spencer","főnemes",0),("Szalámis","apród",0),("Szardíniás","lovag",0),("Szerzetes","király",0),("Szőke kapitány","király",0),("Tenger gyümölcsei","király",0),("Tonhalas","lovag",0),("Törperős","lovag",0),("Tündi kedvence","király",0),("Tüzes halál","király",0),("Vega","lovag",1),("Zöldike","főnemes",1);

--
-- Adatimportálás 'kategória'
--

INSERT INTO `pizzapapa`.`kategoria`(`nev`,`ar`) VALUES 
("apród",850),("főnemes",950),("király",1250),("lovag",1150);

--
-- Adatimportálás 'rendeles'
--

INSERT INTO pizzapapa.`rendeles`(`pizzanev`,`darab`,`felvetel`,`kiszallitas`) VALUES 

("Popey","2","2005.11.12 11:21:00","2005.11.12 12:11:00"),("Kagylós","1","2005.11.12 11:41:00","2005.11.12 12:26:00"),("Barbecue chicken","1","2005.11.12 12:38:00","2005.11.12 13:02:00"),("Röfi","1","2005.11.12 13:18:00","2005.11.12 13:58:00"),("Tündi kedvence","1","2005.11.12 13:44:00","2005.11.12 16:53:00"),("Hercegnő","2","2005.11.12 14:10:00","2005.11.12 14:57:00"),("Mixi","1","2005.11.12 14:20:00","2005.11.12 16:25:00"),("Ráki","3","2005.11.12 14:51:00","2005.11.12 17:06:00"),("Szőke kapitány","1","2005.11.12 15:13:00","2005.11.12 17:12:00"),("Kagylós","1","2005.11.12 15:42:00","2005.11.12 16:48:00"),("Sonkás","1","2005.11.12 16:31:00","2005.11.12 16:53:00"),("Excellent","1","2005.11.12 17:01:00","2005.11.12 19:41:00"),("Máj Fair Lady","2","2005.11.12 17:58:00","2005.11.12 20:39:00"),("Frankfurti","1","2005.11.12 18:48:00","2005.11.12 21:45:00"),("Pástétomos","1","2005.11.12 19:15:00","2005.11.12 21:04:00"),("Máj Fair Lady","1","2005.11.12 19:45:00","2005.11.12 21:46:00"),("Tüzes halál","2","2005.11.12 19:54:00","2005.11.12 22:48:00"),("Hellas","1","2005.11.12 20:25:00","2005.11.12 23:15:00"),("Lecsó","1","2005.11.12 21:21:00","2005.11.13 0:31:00"),("Mamma fia","1","2005.11.12 21:41:00","2005.11.13 0:06:00"),("Country","3","2005.11.12 22:18:00","2005.11.13 0:01:00"),("Tenger gyümölcsei","1","2005.11.12 22:36:00","2005.11.13 0:38:00"),("Kívánság","1","2005.11.12 23:02:00","2005.11.13 0:53:00"),("Hamm","3","2005.11.12 23:47:00","2005.11.13 0:23:00"),("Magvas","1","2005.11.13 0:44:00","2005.11.13 2:14:00"),("Szardíniás","1","2005.11.13 0:56:00","2005.11.13 2:29:00"),("Csupa sajt","2","2005.11.13 1:22:00","2005.11.13 4:33:00"),("Sajtos","1","2005.11.13 1:31:00","2005.11.13 4:24:00"),("Szerzetes","1","2005.11.13 1:35:00","2005.11.13 4:01:00"),("HamAndEggs","1","2005.11.13 1:38:00","2005.11.13 2:09:00"),("Szalámis","1","2005.11.13 1:39:00","2005.11.13 3:25:00"),("Kagylós","2","2005.11.13 2:03:00","2005.11.13 2:50:00"),("Jázmin álma","1","2005.11.13 2:29:00","2005.11.13 4:27:00"),("Magvas","1","2005.11.13 2:37:00","2005.11.13 3:38:00"),("Sajtos","1","2005.11.13 3:23:00","2005.11.13 4:47:00"),("Szardíniás","1","2005.11.13 4:19:00","2005.11.13 5:17:00"),("Sajtos","1","2005.11.13 4:32:00","2005.11.13 6:42:00"),("Gino","2","2005.11.13 5:28:00","2005.11.13 6:30:00"),("Ínyenc","1","2005.11.13 6:16:00","2005.11.13 9:14:00"),("Juhtúrós","1","2005.11.13 6:48:00","2005.11.13 7:39:00"),("Caribi","1","2005.11.13 7:39:00","2005.11.13 8:05:00"),("Kagylós","1","2005.11.13 8:25:00","2005.11.13 9:25:00"),("Babos","1","2005.11.13 9:03:00","2005.11.13 9:34:00"),("Babos","1","2005.11.13 9:27:00","2005.11.13 10:50:00"),("Son-go-ku","1","2005.11.13 9:56:00","2005.11.13 11:57:00"),("HamAndEggs","1","2005.11.13 10:17:00","2005.11.13 11:14:00"),("Szalámis","2","2005.11.13 11:03:00","2005.11.13 13:11:00"),("Gyros pizza","1","2005.11.13 11:12:00","2005.11.13 12:03:00"),("Máj Fair Lady","3","2005.11.13 11:46:00","2005.11.13 14:00:00"),("Pipis","1","2005.11.13 12:27:00","2005.11.13 14:40:00"),("Quattro","2","2005.11.13 12:54:00","2005.11.13 13:45:00"),("Maffiózó","2","2005.11.13 13:18:00","2005.11.13 15:54:00"),("Mamma fia","1","2005.11.13 13:25:00","2005.11.13 16:36:00"),("Son-go-ku","1","2005.11.13 14:15:00","2005.11.13 16:08:00"),("Kívánság","1","2005.11.13 15:05:00","2005.11.13 15:34:00"),("Góré","1","2005.11.13 15:44:00","2005.11.13 17:09:00"),("Csabesz","1","2005.11.13 16:16:00","2005.11.13 17:18:00"),("Nordic","1","2005.11.13 16:58:00","2005.11.13 19:00:00"),("Magvas","1","2005.11.13 17:27:00","2005.11.13 19:45:00"),("Barbecue chicken","1","2005.11.13 17:52:00","2005.11.13 19:06:00"),("Sajtos","1","2005.11.13 18:39:00","2005.11.13 20:13:00"),("Quattro","1","2005.11.13 19:33:00","2005.11.13 21:32:00"),("Popey","3","2005.11.13 20:29:00","2005.11.13 22:12:00"),("Mexikói","2","2005.11.13 21:15:00","2005.11.13 23:03:00"),("Babos","1","2005.11.13 22:09:00","2005.11.14 0:32:00"),("Kétszínű","1","2005.11.13 22:52:00","2005.11.14 0:30:00"),("Kétszínű","1","2005.11.13 22:55:00","2005.11.14 0:45:00"),("Tonhalas","2","2005.11.13 23:38:00","2005.11.14 1:02:00"),("Pacalos","1","2005.11.14 0:02:00","2005.11.14 2:00:00"),("Szőke kapitány","1","2005.11.14 0:52:00","2005.11.14 3:02:00"),("Erős János","1","2005.11.14 1:14:00","2005.11.14 2:34:00"),("Magyaros","1","2005.11.14 1:43:00","2005.11.14 4:21:00"),("Lecsó","2","2005.11.14 1:48:00","2005.11.14 4:58:00"),("Csabesz","1","2005.11.14 2:25:00","2005.11.14 2:54:00"),("Mixi","1","2005.11.14 2:45:00","2005.11.14 4:15:00"),("Mexikói","1","2005.11.14 3:27:00","2005.11.14 6:34:00"),("Caribi","1","2005.11.14 3:29:00","2005.11.14 4:29:00"),("Ráki","3","2005.11.14 4:21:00","2005.11.14 4:42:00"),("Mamma fia","3","2005.11.14 5:09:00","2005.11.14 7:49:00"),("Nordic","1","2005.11.14 5:56:00","2005.11.14 7:39:00"),("Szerzetes","1","2005.11.14 6:34:00","2005.11.14 7:23:00"),("Hawaii","1","2005.11.14 6:51:00","2005.11.14 8:37:00"),("Szalámis","1","2005.11.14 7:17:00","2005.11.14 9:00:00"),("Csabesz","1","2005.11.14 7:57:00","2005.11.14 9:56:00"),("Kolbászos","1","2005.11.14 8:28:00","2005.11.14 8:56:00"),("Magvas","1","2005.11.14 9:21:00","2005.11.14 11:15:00"),("Tenger gyümölcsei","1","2005.11.14 9:54:00","2005.11.14 10:45:00"),("Lagúna","1","2005.11.14 10:09:00","2005.11.14 12:53:00"),("Kívánság","1","2005.11.14 10:56:00","2005.11.14 14:02:00"),("Kagylós","1","2005.11.14 11:30:00","2005.11.14 11:58:00"),("So-ku","1","2005.11.14 12:04:00","2005.11.14 14:02:00"),("Country","2","2005.11.14 12:41:00","2005.11.14 15:41:00"),("Mamma fia","1","2005.11.14 12:47:00","2005.11.14 15:38:00"),("Törperős","1","2005.11.14 13:22:00","2005.11.14 14:11:00"),("Hawaii","1","2005.11.14 13:49:00","2005.11.14 16:41:00"),("Zöldike","1","2005.11.14 14:41:00","2005.11.14 16:48:00"),("Szőke kapitány","1","2005.11.14 15:33:00","2005.11.14 16:40:00"),("Pacalos","1","2005.11.14 16:03:00","2005.11.14 18:22:00"),("Máj Fair Lady","1","2005.11.14 16:21:00","2005.11.14 19:17:00"),("Tonhalas","1","2005.11.14 16:49:00","2005.11.14 19:38:00"),("Tenger gyümölcsei","3","2005.11.14 17:23:00","2005.11.14 18:51:00"),("Country","2","2005.11.14 17:30:00","2005.11.14 19:53:00"),("Kagylós","3","2005.11.14 17:43:00","2005.11.14 20:31:00"),("Nordic","1","2005.11.14 17:46:00","2005.11.14 19:25:00"),("So-ku","1","2005.11.14 18:33:00","2005.11.14 19:43:00"),("Góré","1","2005.11.14 19:05:00","2005.11.14 20:05:00"),("Country","1","2005.11.14 19:51:00","2005.11.14 22:36:00"),("Tündi kedvence","1","2005.11.14 20:20:00","2005.11.14 23:12:00"),("Lagúna","1","2005.11.14 21:04:00","2005.11.14 23:13:00"),("So-ku","1","2005.11.14 21:08:00","2005.11.14 22:43:00"),("Kagylós","3","2005.11.14 21:51:00","2005.11.14 23:33:00"),("Lagúna","2","2005.11.14 22:43:00","2005.11.15 0:13:00"),("Ínyenc","1","2005.11.14 22:57:00","2005.11.15 0:33:00"),("Szalámis","1","2005.11.14 23:05:00","2005.11.15 1:42:00"),("Excellent","2","2005.11.14 23:58:00","2005.11.15 1:49:00"),("Tonhalas","1","2005.11.15 0:13:00","2005.11.15 1:35:00"),("Röfi","1","2005.11.15 0:54:00","2005.11.15 3:06:00"),("Popey","1","2005.11.15 1:17:00","2005.11.15 3:40:00"),("Juhtúrós","1","2005.11.15 1:53:00","2005.11.15 3:00:00"),("Nikó","2","2005.11.15 1:59:00","2005.11.15 4:21:00"),("Szardíniás","1","2005.11.15 2:06:00","2005.11.15 4:01:00"),("Country","3","2005.11.15 2:09:00","2005.11.15 3:07:00"),("Zöldike","1","2005.11.15 2:14:00","2005.11.15 4:44:00"),("Erős János","1","2005.11.15 3:09:00","2005.11.15 4:56:00"),("Jázmin álma","1","2005.11.15 3:23:00","2005.11.15 4:24:00"),("Pásztor","1","2005.11.15 3:44:00","2005.11.15 6:21:00"),("Ráki","3","2005.11.15 4:03:00","2005.11.15 7:00:00"),("Zöldike","3","2005.11.15 4:04:00","2005.11.15 5:00:00"),("Juhtúrós","1","2005.11.15 4:17:00","2005.11.15 4:59:00"),("Kiadós","1","2005.11.15 4:18:00","2005.11.15 6:35:00"),("Nyuszó-Muszó","1","2005.11.15 4:29:00","2005.11.15 7:00:00"),("Magyaros","3","2005.11.15 5:24:00","2005.11.15 6:35:00"),("Törperős","1","2005.11.15 6:13:00","2005.11.15 6:47:00"),("Csupa sajt","1","2005.11.15 7:05:00","2005.11.15 8:19:00"),("Pásztor","3","2005.11.15 7:19:00","2005.11.15 9:46:00"),("Babos","1","2005.11.15 7:28:00","2005.11.15 9:21:00"),("Kagylós","1","2005.11.15 7:58:00","2005.11.15 10:55:00"),("Mixi","1","2005.11.15 8:29:00","2005.11.15 9:09:00"),("Áfonyás","1","2005.11.15 9:02:00","2005.11.15 9:34:00"),("Mexikói","3","2005.11.15 9:49:00","2005.11.15 10:54:00"),("Francia","1","2005.11.15 10:36:00","2005.11.15 12:11:00"),("Tonhalas","3","2005.11.15 10:58:00","2005.11.15 13:53:00"),("Kívánság","1","2005.11.15 11:28:00","2005.11.15 13:07:00"),("Hercegnő","1","2005.11.15 12:04:00","2005.11.15 14:35:00"),("Maffiózó","2","2005.11.15 12:29:00","2005.11.15 14:28:00"),("Frankfurti","1","2005.11.15 13:10:00","2005.11.15 13:39:00"),("Ínyenc","3","2005.11.15 13:58:00","2005.11.15 15:43:00"),("Tenger gyümölcsei","1","2005.11.15 14:21:00","2005.11.15 16:11:00"),("Hamm","1","2005.11.15 15:12:00","2005.11.15 15:36:00"),("Máj Fair Lady","1","2005.11.15 16:00:00","2005.11.15 18:52:00"),("Spencer","3","2005.11.15 16:46:00","2005.11.15 18:13:00"),("Pásztor","1","2005.11.15 17:35:00","2005.11.15 18:45:00"),("Sajtos","3","2005.11.15 18:22:00","2005.11.15 19:12:00"),("Ilike","1","2005.11.15 18:31:00","2005.11.15 20:54:00"),("Erős János","1","2005.11.15 18:44:00","2005.11.15 19:31:00"),("Pipis","1","2005.11.15 19:36:00","2005.11.15 22:43:00"),("Hamm","1","2005.11.15 19:45:00","2005.11.15 22:43:00"),("Gyros pizza","1","2005.11.15 19:52:00","2005.11.15 22:57:00"),("Görög","1","2005.11.15 20:40:00","2005.11.15 21:33:00"),("Magvas","1","2005.11.15 21:38:00","2005.11.15 22:06:00"),("Pacalos","2","2005.11.15 22:03:00","2005.11.15 23:06:00"),("Jázmin álma","1","2005.11.15 22:36:00","2005.11.15 23:15:00"),("Erdő kapitánya","1","2005.11.15 23:27:00","2005.11.16 2:26:00"),("Hawaii","1","2005.11.16 0:06:00","2005.11.16 1:40:00"),("Erős János","1","2005.11.16 0:12:00","2005.11.16 1:50:00"),("Excellent","3","2005.11.16 0:45:00","2005.11.16 2:44:00"),("Tonhalas","1","2005.11.16 1:26:00","2005.11.16 2:28:00"),("Görög","1","2005.11.16 1:30:00","2005.11.16 4:36:00"),("Röfi","1","2005.11.16 1:57:00","2005.11.16 4:33:00"),("Tenger gyümölcsei","3","2005.11.16 2:22:00","2005.11.16 5:03:00"),("Vega","1","2005.11.16 2:35:00","2005.11.16 3:34:00"),("Kétszínű","1","2005.11.16 3:15:00","2005.11.16 6:27:00"),("Görög","1","2005.11.16 3:39:00","2005.11.16 6:13:00"),("Quattro","1","2005.11.16 4:07:00","2005.11.16 6:47:00"),("Popey","1","2005.11.16 4:42:00","2005.11.16 6:51:00"),("Spencer","1","2005.11.16 5:07:00","2005.11.16 7:20:00"),("Lecsó","1","2005.11.16 5:22:00","2005.11.16 7:22:00"),("Pásztor","1","2005.11.16 5:57:00","2005.11.16 8:19:00"),("Sonkás","1","2005.11.16 6:37:00","2005.11.16 9:00:00"),("Góré","1","2005.11.16 7:16:00","2005.11.16 10:28:00"),("Máj Fair Lady","1","2005.11.16 7:50:00","2005.11.16 10:33:00"),("Pacalos","1","2005.11.16 8:08:00","2005.11.16 9:34:00"),("Csupa sajt","1","2005.11.16 9:02:00","2005.11.16 11:41:00"),("Excellent","1","2005.11.16 9:36:00","2005.11.16 12:24:00"),("Zöldike","1","2005.11.16 10:02:00","2005.11.16 12:10:00"),("Tonhalas","1","2005.11.16 10:40:00","2005.11.16 13:32:00"),("Góré","3","2005.11.16 10:59:00","2005.11.16 13:00:00"),("Hellas","1","2005.11.16 11:51:00","2005.11.16 12:45:00"),("Magvas","1","2005.11.16 12:41:00","2005.11.16 15:22:00"),("Babos","3","2005.11.16 13:30:00","2005.11.16 16:36:00"),("Tenger gyümölcsei","1","2005.11.16 14:08:00","2005.11.16 15:45:00"),("Hellas","3","2005.11.16 14:40:00","2005.11.16 16:33:00"),("Rettenetes magyar","2","2005.11.16 15:02:00","2005.11.16 16:46:00"),("Kolbászos","1","2005.11.16 15:40:00","2005.11.16 18:36:00"),("Mexikói","1","2005.11.16 16:05:00","2005.11.16 18:20:00"),("Kívánság","3","2005.11.16 16:42:00","2005.11.16 18:03:00"),("Pástétomos","1","2005.11.16 16:57:00","2005.11.16 20:05:00"),("Francia","1","2005.11.16 17:07:00","2005.11.16 18:28:00"),("Tüzes halál","1","2005.11.16 17:29:00","2005.11.16 19:50:00"),("Betyáros","1","2005.11.16 17:55:00","2005.11.16 20:21:00"),("Gino","1","2005.11.16 18:12:00","2005.11.16 19:54:00"),("Tüzes halál","1","2005.11.16 18:56:00","2005.11.16 19:41:00"),("Jobbágy","1","2005.11.16 19:53:00","2005.11.16 21:21:00"),("Pástétomos","3","2005.11.16 20:21:00","2005.11.16 21:43:00"),("Király pizza","1","2005.11.16 20:47:00","2005.11.16 21:21:00"),("Hawaii","1","2005.11.16 21:11:00","2005.11.16 23:01:00"),("Kiadós","1","2005.11.16 22:00:00","2005.11.16 23:14:00"),("Spanyol","1","2005.11.16 22:21:00","2005.11.17 1:22:00"),("Nordic","1","2005.11.16 22:47:00","2005.11.17 0:19:00"),("Zöldike","1","2005.11.16 23:23:00","2005.11.17 0:00:00"),("Gino","1","2005.11.16 23:48:00","2005.11.17 1:18:00"),("Sonkás","1","2005.11.16 23:49:00","2005.11.17 1:03:00"),("Hercegnő","1","2005.11.17 0:30:00","2005.11.17 2:25:00"),("Ráki","1","2005.11.17 1:12:00","2005.11.17 1:37:00"),("Góré","1","2005.11.17 1:28:00","2005.11.17 2:06:00"),("Pástétomos","1","2005.11.17 1:38:00","2005.11.17 2:11:00"),("Vega","1","2005.11.17 2:07:00","2005.11.17 4:54:00"),("Nyuszó-Muszó","1","2005.11.17 3:04:00","2005.11.17 4:01:00"),("Ínyenc","1","2005.11.17 4:01:00","2005.11.17 6:53:00"),("Ínyenc","1","2005.11.17 4:20:00","2005.11.17 6:51:00"),("Hellas","2","2005.11.17 4:50:00","2005.11.17 7:48:00"),("Quattro","3","2005.11.17 5:35:00","2005.11.17 6:19:00"),("Nyuszó-Muszó","1","2005.11.17 5:55:00","2005.11.17 9:07:00"),("Rettenetes magyar","3","2005.11.17 6:20:00","2005.11.17 8:51:00"),("Pipis","1","2005.11.17 6:39:00","2005.11.17 9:45:00"),("Quattro","1","2005.11.17 7:27:00","2005.11.17 9:23:00"),("HamAndEggs","1","2005.11.17 7:30:00","2005.11.17 9:05:00"),("Jázmin álma","1","2005.11.17 7:54:00","2005.11.17 10:32:00"),("Góré","1","2005.11.17 8:27:00","2005.11.17 11:14:00"),("Gombás","1","2005.11.17 8:38:00","2005.11.17 10:46:00"),("Frankfurti","3","2005.11.17 9:30:00","2005.11.17 10:40:00"),("Pipis","1","2005.11.17 9:51:00","2005.11.17 10:27:00"),("Szőke kapitány","1","2005.11.17 10:13:00","2005.11.17 13:19:00"),("Mamma fia","1","2005.11.17 10:57:00","2005.11.17 11:26:00"),("HamAndEggs","1","2005.11.17 11:09:00","2005.11.17 12:47:00"),("Mexikói","1","2005.11.17 11:38:00","2005.11.17 14:20:00"),("Szőke kapitány","1","2005.11.17 12:02:00","2005.11.17 15:05:00"),("Pásztor","2","2005.11.17 12:39:00","2005.11.17 13:21:00"),("Röfi","1","2005.11.17 13:31:00","2005.11.17 15:16:00"),("Szalámis","1","2005.11.17 13:59:00","2005.11.17 14:20:00"),("Füstös","1","2005.11.17 14:25:00","2005.11.17 15:11:00"),("Rettenetes magyar","3","2005.11.17 14:37:00","2005.11.17 16:28:00"),("Tonhalas","1","2005.11.17 15:16:00","2005.11.17 15:43:00"),("Jobbágy","1","2005.11.17 15:52:00","2005.11.17 18:58:00"),("Jázmin álma","1","2005.11.17 16:25:00","2005.11.17 19:06:00"),("Country","1","2005.11.17 16:50:00","2005.11.17 17:23:00"),("Rettenetes magyar","1","2005.11.17 16:58:00","2005.11.17 17:51:00"),("Ráki","1","2005.11.17 17:55:00","2005.11.17 19:44:00"),("Főnök kedvence","1","2005.11.17 18:34:00","2005.11.17 20:24:00"),("Maffiózó","1","2005.11.17 19:18:00","2005.11.17 21:07:00"),("HamAndEggs","1","2005.11.17 19:53:00","2005.11.17 21:51:00"),("Spanyol","1","2005.11.17 20:13:00","2005.11.17 21:22:00"),("Barbecue chicken","1","2005.11.17 20:24:00","2005.11.17 21:25:00"),("Jobbágy","1","2005.11.17 20:55:00","2005.11.17 23:48:00"),("Szőke kapitány","3","2005.11.17 21:05:00","2005.11.17 21:58:00"),("Király pizza","1","2005.11.17 21:35:00","2005.11.17 23:17:00"),("Babos","1","2005.11.17 22:17:00","2005.11.18 1:12:00"),("Popey","2","2005.11.17 22:17:00","2005.11.17 23:46:00"),("So-ku","2","2005.11.17 22:47:00","2005.11.17 23:50:00"),("Caribi","1","2005.11.17 23:05:00","2005.11.18 1:09:00"),("Nordic","1","2005.11.17 23:30:00","2005.11.18 2:21:00"),("Sonkás","3","2005.11.17 23:53:00","2005.11.18 3:03:00"),("Maffiózó","1","2005.11.18 0:38:00","2005.11.18 2:55:00"),("Barbecue chicken","1","2005.11.18 1:26:00","2005.11.18 4:03:00"),("Csabesz","1","2005.11.18 2:15:00","2005.11.18 3:06:00"),("Mixi","1","2005.11.18 2:37:00","2005.11.18 4:11:00"),("Király pizza","2","2005.11.18 3:05:00","2005.11.18 6:00:00"),("Mexikói","1","2005.11.18 3:37:00","2005.11.18 4:41:00"),("Pástétomos","3","2005.11.18 3:49:00","2005.11.18 4:50:00"),("Hellas","2","2005.11.18 4:28:00","2005.11.18 5:42:00"),("Spencer","1","2005.11.18 5:06:00","2005.11.18 7:24:00"),("Mixi","1","2005.11.18 5:18:00","2005.11.18 6:03:00"),("Gyros pizza","1","2005.11.18 5:24:00","2005.11.18 8:36:00"),("Betyáros","1","2005.11.18 6:21:00","2005.11.18 7:56:00"),("Sajtos","3","2005.11.18 7:13:00","2005.11.18 8:51:00"),("Pástétomos","1","2005.11.18 7:54:00","2005.11.18 8:58:00"),("Röfi","3","2005.11.18 8:37:00","2005.11.18 11:02:00"),("Csupa sajt","1","2005.11.18 8:43:00","2005.11.18 11:37:00"),("Gyros pizza","1","2005.11.18 9:04:00","2005.11.18 10:31:00"),("Caribi","1","2005.11.18 9:59:00","2005.11.18 12:18:00"),("Excellent","3","2005.11.18 9:59:00","2005.11.18 13:05:00"),("Hellas","2","2005.11.18 10:44:00","2005.11.18 12:08:00"),("Country","1","2005.11.18 11:23:00","2005.11.18 12:27:00"),("Magyaros","2","2005.11.18 12:19:00","2005.11.18 14:10:00"),("Pipis","3","2005.11.18 13:04:00","2005.11.18 13:54:00"),("Röfi","2","2005.11.18 13:27:00","2005.11.18 14:14:00"),("Nordic","3","2005.11.18 13:54:00","2005.11.18 15:56:00"),("Király pizza","1","2005.11.18 14:29:00","2005.11.18 15:47:00"),("Csupa sajt","3","2005.11.18 15:26:00","2005.11.18 17:02:00"),("Maffiózó","2","2005.11.18 15:50:00","2005.11.18 17:12:00"),("Pacalos","2","2005.11.18 15:52:00","2005.11.18 16:26:00"),("Röfi","2","2005.11.18 16:23:00","2005.11.18 18:06:00"),("Vega","1","2005.11.18 17:13:00","2005.11.18 19:50:00"),("Góré","3","2005.11.18 17:20:00","2005.11.18 18:32:00"),("Gombás","1","2005.11.18 17:56:00","2005.11.18 18:24:00"),("Kolbászos","3","2005.11.18 18:22:00","2005.11.18 19:55:00"),("Spencer","2","2005.11.18 18:24:00","2005.11.18 20:00:00"),("Mamma fia","1","2005.11.18 19:02:00","2005.11.18 22:06:00"),("Sajtos","1","2005.11.18 19:18:00","2005.11.18 21:21:00"),("Szalámis","1","2005.11.18 19:57:00","2005.11.18 20:57:00"),("Rettenetes magyar","1","2005.11.18 20:39:00","2005.11.18 22:55:00"),("Ínyenc","1","2005.11.18 20:44:00","2005.11.18 23:01:00"),("Füstös","2","2005.11.18 21:09:00","2005.11.18 23:52:00"),("Vega","1","2005.11.18 21:31:00","2005.11.19 0:27:00"),("Hamm","2","2005.11.18 22:27:00","2005.11.19 0:23:00"),("Nyuszó-Muszó","1","2005.11.18 23:08:00","2005.11.19 1:53:00"),("Törperős","1","2005.11.18 23:55:00","2005.11.19 1:31:00"),("Pástétomos","1","2005.11.19 0:42:00","2005.11.19 3:36:00"),("Erős János","1","2005.11.19 1:14:00","2005.11.19 1:45:00"),("Spanyol","1","2005.11.19 1:29:00","2005.11.19 4:40:00"),("Caribi","1","2005.11.19 1:49:00","2005.11.19 3:51:00"),("So-ku","1","2005.11.19 2:15:00","2005.11.19 3:30:00"),("Lagúna","1","2005.11.19 2:39:00","2005.11.19 4:26:00"),("Pástétomos","1","2005.11.19 3:20:00","2005.11.19 4:52:00"),("Spencer","3","2005.11.19 3:46:00","2005.11.19 4:50:00"),("Gino","3","2005.11.19 4:40:00","2005.11.19 5:03:00"),("So-ku","1","2005.11.19 4:45:00","2005.11.19 5:59:00"),("Tündi kedvence","2","2005.11.19 5:32:00","2005.11.19 6:06:00"),("Tonhalas","1","2005.11.19 6:05:00","2005.11.19 6:32:00"),("Tonhalas","1","2005.11.19 6:35:00","2005.11.19 7:44:00"),("Popey","3","2005.11.19 7:28:00","2005.11.19 8:23:00"),("Pacalos","1","2005.11.19 8:02:00","2005.11.19 10:16:00"),("Mexikói","2","2005.11.19 8:37:00","2005.11.19 10:14:00"),("Szardíniás","1","2005.11.19 9:00:00","2005.11.19 10:05:00"),("Son-go-ku","1","2005.11.19 9:53:00","2005.11.19 12:20:00"),("Kívánság","1","2005.11.19 10:28:00","2005.11.19 12:48:00"),("Hercegnő","1","2005.11.19 11:01:00","2005.11.19 11:42:00"),("Máj Fair Lady","1","2005.11.19 11:33:00","2005.11.19 14:44:00"),("Gino","1","2005.11.19 11:42:00","2005.11.19 14:42:00"),("Spanyol","1","2005.11.19 12:39:00","2005.11.19 13:27:00"),("Törperős","3","2005.11.19 13:07:00","2005.11.19 14:27:00"),("Hercegnő","2","2005.11.19 13:23:00","2005.11.19 16:04:00"),("Szerzetes","1","2005.11.19 14:09:00","2005.11.19 14:53:00"),("Kagylós","1","2005.11.19 15:01:00","2005.11.19 15:37:00"),("Quattro","2","2005.11.19 15:34:00","2005.11.19 17:07:00"),("Vega","3","2005.11.19 16:01:00","2005.11.19 16:54:00"),("Csabesz","1","2005.11.19 16:12:00","2005.11.19 16:51:00"),("Ráki","1","2005.11.19 16:45:00","2005.11.19 19:15:00"),("Francia","3","2005.11.19 17:05:00","2005.11.19 17:34:00"),("Szardíniás","1","2005.11.19 17:08:00","2005.11.19 18:53:00"),("Gombás","1","2005.11.19 17:46:00","2005.11.19 18:52:00"),("Pástétomos","2","2005.11.19 18:27:00","2005.11.19 19:31:00"),("Pásztor","3","2005.11.19 19:14:00","2005.11.19 21:57:00"),("Máj Fair Lady","3","2005.11.19 20:03:00","2005.11.19 22:17:00"),("Szalámis","1","2005.11.19 20:36:00","2005.11.19 23:27:00"),("Mixi","1","2005.11.19 21:05:00","2005.11.19 22:15:00"),("Lecsó","1","2005.11.19 21:06:00","2005.11.20 0:11:00"),("Spanyol","1","2005.11.19 21:22:00","2005.11.19 23:05:00"),("Kiadós","1","2005.11.19 21:59:00","2005.11.19 23:32:00"),("Francia","2","2005.11.19 22:38:00","2005.11.20 1:01:00"),("Szőke kapitány","3","2005.11.19 23:24:00","2005.11.20 2:03:00"),("Gino","1","2005.11.20 0:03:00","2005.11.20 2:01:00"),("Kívánság","1","2005.11.20 0:42:00","2005.11.20 2:33:00"),("Babos","1","2005.11.20 0:54:00","2005.11.20 2:59:00"),("Caribi","1","2005.11.20 0:57:00","2005.11.20 3:55:00"),("Gino","1","2005.11.20 1:01:00","2005.11.20 3:32:00"),("Jobbágy","1","2005.11.20 1:12:00","2005.11.20 3:49:00"),("Frankfurti","1","2005.11.20 1:42:00","2005.11.20 2:40:00"),("Caribi","1","2005.11.20 2:25:00","2005.11.20 3:21:00"),("Pástétomos","1","2005.11.20 3:12:00","2005.11.20 5:03:00"),("Babos","1","2005.11.20 3:45:00","2005.11.20 5:10:00"),("Kívánság","1","2005.11.20 4:26:00","2005.11.20 6:29:00"),("Pipis","1","2005.11.20 4:46:00","2005.11.20 7:43:00"),("Gombás","2","2005.11.20 4:49:00","2005.11.20 7:04:00"),("Csupa sajt","1","2005.11.20 5:12:00","2005.11.20 7:43:00"),("Hawaii","2","2005.11.20 5:20:00","2005.11.20 6:14:00"),("Áfonyás","1","2005.11.20 5:21:00","2005.11.20 8:33:00"),("Tündi kedvence","1","2005.11.20 6:11:00","2005.11.20 8:32:00"),("Király pizza","1","2005.11.20 6:48:00","2005.11.20 8:55:00"),("Mamma fia","1","2005.11.20 7:15:00","2005.11.20 8:23:00"),("Lagúna","3","2005.11.20 7:25:00","2005.11.20 8:52:00"),("Kagylós","2","2005.11.20 7:38:00","2005.11.20 9:05:00"),("Kolbászos","1","2005.11.20 8:20:00","2005.11.20 10:55:00"),("Quattro","1","2005.11.20 8:30:00","2005.11.20 9:43:00"),("Törperős","1","2005.11.20 8:53:00","2005.11.20 11:49:00"),("Kétszínű","1","2005.11.20 9:00:00","2005.11.20 11:51:00"),("Csabesz","1","2005.11.20 9:21:00","2005.11.20 10:06:00"),("Görög","1","2005.11.20 9:42:00","2005.11.20 11:44:00"),("Popey","1","2005.11.20 10:39:00","2005.11.20 13:31:00"),("Hamm","1","2005.11.20 11:12:00","2005.11.20 14:15:00"),("Hellas","3","2005.11.20 11:58:00","2005.11.20 14:28:00"),("Zöldike","1","2005.11.20 12:17:00","2005.11.20 14:06:00"),("Kívánság","1","2005.11.20 13:11:00","2005.11.20 14:51:00"),("Lagúna","1","2005.11.20 13:49:00","2005.11.20 15:16:00"),("Hawaii","1","2005.11.20 14:42:00","2005.11.20 17:46:00"),("Tenger gyümölcsei","3","2005.11.20 15:33:00","2005.11.20 16:15:00"),("Jobbágy","1","2005.11.20 15:47:00","2005.11.20 16:24:00"),("Mexikói","1","2005.11.20 16:43:00","2005.11.20 17:50:00"),("Kolbászos","1","2005.11.20 17:21:00","2005.11.20 19:39:00"),("Babos","1","2005.11.20 17:24:00","2005.11.20 20:08:00"),("Ínyenc","1","2005.11.20 17:58:00","2005.11.20 18:47:00"),("Szalámis","1","2005.11.20 18:27:00","2005.11.20 21:20:00"),("Nikó","1","2005.11.20 19:19:00","2005.11.20 20:16:00"),("Zöldike","1","2005.11.20 20:00:00","2005.11.20 21:47:00"),("Tenger gyümölcsei","1","2005.11.20 20:37:00","2005.11.20 23:04:00"),("Ráki","1","2005.11.20 21:09:00","2005.11.20 23:48:00"),("Frankfurti","1","2005.11.20 21:25:00","2005.11.21 0:21:00"),("Nikó","1","2005.11.20 22:12:00","2005.11.21 0:35:00"),("Szerzetes","1","2005.11.20 22:34:00","2005.11.21 0:49:00"),("Áfonyás","2","2005.11.20 22:43:00","2005.11.21 0:32:00"),("Francia","2","2005.11.20 23:39:00","2005.11.21 1:41:00"),("Popey","1","2005.11.21 0:24:00","2005.11.21 1:26:00"),("Lagúna","1","2005.11.21 1:14:00","2005.11.21 2:12:00"),("Hercegnő","1","2005.11.21 1:42:00","2005.11.21 3:11:00"),("Hercegnő","2","2005.11.21 1:58:00","2005.11.21 4:06:00"),("Hellas","1","2005.11.21 2:51:00","2005.11.21 5:18:00"),("Király pizza","1","2005.11.21 3:08:00","2005.11.21 5:59:00"),("Lecsó","1","2005.11.21 3:59:00","2005.11.21 4:36:00"),("Kiadós","2","2005.11.21 4:40:00","2005.11.21 5:35:00"),("Pacalos","3","2005.11.21 5:15:00","2005.11.21 7:51:00"),("Zöldike","1","2005.11.21 5:56:00","2005.11.21 8:52:00"),("Vega","1","2005.11.21 6:32:00","2005.11.21 7:33:00"),("Kagylós","1","2005.11.21 6:48:00","2005.11.21 9:55:00"),("Röfi","1","2005.11.21 7:11:00","2005.11.21 8:42:00"),("Babos","3","2005.11.21 7:47:00","2005.11.21 9:43:00"),("Spanyol","1","2005.11.21 7:52:00","2005.11.21 9:11:00"),("Spanyol","1","2005.11.21 8:27:00","2005.11.21 10:59:00"),("Ráki","1","2005.11.21 8:30:00","2005.11.21 11:12:00"),("Röfi","1","2005.11.21 9:03:00","2005.11.21 12:07:00"),("Kétszínű","1","2005.11.21 9:47:00","2005.11.21 11:53:00"),("Kiadós","1","2005.11.21 10:37:00","2005.11.21 11:33:00"),("Gombás","3","2005.11.21 11:02:00","2005.11.21 13:06:00"),("Sajtos","1","2005.11.21 11:20:00","2005.11.21 11:51:00"),("Görög","1","2005.11.21 12:01:00","2005.11.21 13:22:00"),("Máj Fair Lady","1","2005.11.21 12:33:00","2005.11.21 14:46:00"),("Máj Fair Lady","2","2005.11.21 13:25:00","2005.11.21 15:49:00"),("Hellas","3","2005.11.21 13:34:00","2005.11.21 15:26:00"),("Lagúna","1","2005.11.21 13:36:00","2005.11.21 15:25:00"),("Gombás","1","2005.11.21 14:23:00","2005.11.21 16:18:00"),("Ínyenc","1","2005.11.21 15:17:00","2005.11.21 15:48:00"),("Ráki","1","2005.11.21 15:26:00","2005.11.21 17:04:00"),("Vega","1","2005.11.21 15:28:00","2005.11.21 16:35:00"),("Tündi kedvence","2","2005.11.21 15:56:00","2005.11.21 16:23:00"),("Nikó","1","2005.11.21 16:22:00","2005.11.21 18:28:00"),("Tenger gyümölcsei","1","2005.11.21 16:48:00","2005.11.21 17:23:00"),("Csupa sajt","2","2005.11.21 17:15:00","2005.11.21 17:36:00"),("Gino","1","2005.11.21 18:11:00","2005.11.21 18:49:00"),("Pástétomos","3","2005.11.21 18:35:00","2005.11.21 19:00:00"),("Görög","1","2005.11.21 19:06:00","2005.11.21 21:39:00"),("Spencer","1","2005.11.21 19:34:00","2005.11.21 20:30:00"),("Spencer","1","2005.11.21 19:55:00","2005.11.21 21:09:00"),("Ráki","1","2005.11.21 20:20:00","2005.11.21 22:01:00"),("Tenger gyümölcsei","1","2005.11.21 20:54:00","2005.11.21 23:40:00"),("Szerzetes","1","2005.11.21 21:40:00","2005.11.22 0:18:00"),("Szardíniás","1","2005.11.21 22:11:00","2005.11.22 1:20:00"),("Erdő kapitánya","2","2005.11.21 22:43:00","2005.11.22 1:48:00"),("Hellas","1","2005.11.21 23:33:00","2005.11.22 0:07:00"),("Ráki","3","2005.11.22 0:21:00","2005.11.22 2:14:00"),("Görög","1","2005.11.22 0:59:00","2005.11.22 3:44:00"),("Caribi","2","2005.11.22 1:52:00","2005.11.22 2:42:00"),("Lecsó","1","2005.11.22 2:29:00","2005.11.22 2:53:00"),("Nordic","1","2005.11.22 2:35:00","2005.11.22 3:13:00"),("Lecsó","1","2005.11.22 3:04:00","2005.11.22 4:42:00"),("Gino","3","2005.11.22 3:25:00","2005.11.22 3:49:00"),("Pipis","1","2005.11.22 3:32:00","2005.11.22 4:17:00"),("Zöldike","1","2005.11.22 3:36:00","2005.11.22 4:50:00"),("Erős János","3","2005.11.22 4:17:00","2005.11.22 6:26:00"),("Quattro","3","2005.11.22 5:05:00","2005.11.22 6:00:00"),("Főnök kedvence","1","2005.11.22 5:40:00","2005.11.22 8:48:00"),("Magyaros","2","2005.11.22 6:19:00","2005.11.22 9:31:00"),("HamAndEggs","1","2005.11.22 6:49:00","2005.11.22 9:46:00"),("Pásztor","1","2005.11.22 6:50:00","2005.11.22 8:59:00"),("HamAndEggs","1","2005.11.22 7:09:00","2005.11.22 7:42:00"),("Főnök kedvence","1","2005.11.22 7:51:00","2005.11.22 10:48:00"),("Ráki","3","2005.11.22 8:28:00","2005.11.22 9:24:00"),("Kívánság","1","2005.11.22 8:58:00","2005.11.22 10:00:00"),("Nikó","1","2005.11.22 9:40:00","2005.11.22 11:33:00"),("Sonkás","2","2005.11.22 10:32:00","2005.11.22 12:30:00"),("Spanyol","1","2005.11.22 10:53:00","2005.11.22 12:35:00"),("Kétszínű","1","2005.11.22 11:40:00","2005.11.22 12:54:00"),("Mixi","1","2005.11.22 12:25:00","2005.11.22 14:12:00"),("Tüzes halál","1","2005.11.22 13:01:00","2005.11.22 15:07:00"),("Barbecue chicken","1","2005.11.22 13:24:00","2005.11.22 15:25:00"),("Son-go-ku","1","2005.11.22 13:34:00","2005.11.22 16:13:00"),("Spencer","1","2005.11.22 14:24:00","2005.11.22 16:36:00"),("Kívánság","1","2005.11.22 14:28:00","2005.11.22 17:03:00"),("Hamm","1","2005.11.22 15:18:00","2005.11.22 18:09:00"),("Nordic","1","2005.11.22 15:57:00","2005.11.22 16:23:00"),("Country","1","2005.11.22 16:17:00","2005.11.22 18:40:00"),("Rettenetes magyar","1","2005.11.22 16:53:00","2005.11.22 19:13:00"),("Pipis","1","2005.11.22 17:51:00","2005.11.22 20:55:00"),("Rettenetes magyar","1","2005.11.22 17:54:00","2005.11.22 19:59:00"),("Nordic","1","2005.11.22 17:56:00","2005.11.22 18:45:00"),("Erős János","3","2005.11.22 18:36:00","2005.11.22 18:59:00"),("Kolbászos","3","2005.11.22 19:33:00","2005.11.22 22:05:00"),("Csabesz","1","2005.11.22 20:03:00","2005.11.22 22:23:00"),("Excellent","1","2005.11.22 20:59:00","2005.11.22 21:20:00"),("Betyáros","1","2005.11.22 21:56:00","2005.11.22 23:41:00"),("Kétszínű","1","2005.11.22 22:13:00","2005.11.23 1:04:00"),("Hellas","1","2005.11.22 22:26:00","2005.11.23 0:07:00"),("Lagúna","1","2005.11.22 23:11:00","2005.11.23 0:19:00"),("Rettenetes magyar","1","2005.11.22 23:55:00","2005.11.23 1:00:00"),("Sajtos","1","2005.11.23 0:01:00","2005.11.23 2:13:00"),("Erős János","2","2005.11.23 0:37:00","2005.11.23 3:07:00"),("Főnök kedvence","1","2005.11.23 0:57:00","2005.11.23 3:32:00"),("Szőke kapitány","2","2005.11.23 1:54:00","2005.11.23 2:56:00"),("Szőke kapitány","1","2005.11.23 2:20:00","2005.11.23 4:09:00"),("Ilike","1","2005.11.23 2:24:00","2005.11.23 4:36:00"),("Főnök kedvence","3","2005.11.23 3:01:00","2005.11.23 5:45:00"),("Csabesz","1","2005.11.23 3:51:00","2005.11.23 6:08:00"),("Gyros pizza","1","2005.11.23 4:47:00","2005.11.23 5:18:00"),("Gombás","1","2005.11.23 5:43:00","2005.11.23 7:31:00"),("Sonkás","1","2005.11.23 5:49:00","2005.11.23 8:15:00"),("So-ku","1","2005.11.23 6:36:00","2005.11.23 9:15:00"),("Kívánság","3","2005.11.23 7:14:00","2005.11.23 10:16:00"),("Spanyol","3","2005.11.23 7:14:00","2005.11.23 8:33:00"),("Barbecue chicken","3","2005.11.23 7:18:00","2005.11.23 10:10:00"),("Áfonyás","1","2005.11.23 8:10:00","2005.11.23 8:37:00"),("Jobbágy","1","2005.11.23 8:25:00","2005.11.23 9:55:00"),("Sonkás","1","2005.11.23 8:59:00","2005.11.23 11:05:00"),("Magvas","1","2005.11.23 9:23:00","2005.11.23 12:18:00"),("Sonkás","1","2005.11.23 9:39:00","2005.11.23 11:26:00"),("Gyros pizza","2","2005.11.23 10:18:00","2005.11.23 12:46:00"),("Excellent","1","2005.11.23 10:49:00","2005.11.23 11:15:00"),("Góré","1","2005.11.23 11:03:00","2005.11.23 12:02:00"),("Tündi kedvence","1","2005.11.23 11:27:00","2005.11.23 12:44:00"),("Görög","1","2005.11.23 11:33:00","2005.11.23 12:10:00"),("Szőke kapitány","3","2005.11.23 12:15:00","2005.11.23 15:20:00"),("Kiadós","1","2005.11.23 12:45:00","2005.11.23 14:09:00"),("Mexikói","2","2005.11.23 12:48:00","2005.11.23 13:38:00"),("Erdő kapitánya","1","2005.11.23 13:05:00","2005.11.23 14:12:00"),("Tüzes halál","1","2005.11.23 13:56:00","2005.11.23 16:50:00"),("Popey","1","2005.11.23 14:35:00","2005.11.23 15:46:00"),("Vega","1","2005.11.23 15:13:00","2005.11.23 18:12:00"),("Kiadós","1","2005.11.23 15:26:00","2005.11.23 17:52:00"),("Röfi","2","2005.11.23 15:59:00","2005.11.23 17:02:00"),("Barbecue chicken","1","2005.11.23 16:38:00","2005.11.23 18:04:00"),("Szardíniás","1","2005.11.23 17:27:00","2005.11.23 19:12:00"),("Pacalos","3","2005.11.23 17:39:00","2005.11.23 19:43:00"),("Szardíniás","1","2005.11.23 17:50:00","2005.11.23 18:27:00"),("Tenger gyümölcsei","1","2005.11.23 18:47:00","2005.11.23 21:09:00"),("Hercegnő","1","2005.11.23 19:12:00","2005.11.23 19:33:00"),("Góré","1","2005.11.23 19:16:00","2005.11.23 20:14:00"),("Kétszínű","1","2005.11.23 19:55:00","2005.11.23 22:45:00"),("Hellas","1","2005.11.23 20:18:00","2005.11.23 23:11:00"),("Röfi","1","2005.11.23 20:36:00","2005.11.23 22:55:00"),("Kolbászos","1","2005.11.23 21:18:00","2005.11.23 21:46:00"),("Mixi","1","2005.11.23 22:14:00","2005.11.23 23:29:00"),("Juhtúrós","1","2005.11.23 22:16:00","2005.11.23 23:42:00"),("Kiadós","2","2005.11.23 22:40:00","2005.11.24 0:58:00"),("Hercegnő","3","2005.11.23 23:05:00","2005.11.24 1:27:00"),("Caribi","1","2005.11.23 23:29:00","2005.11.24 2:12:00"),("Főnök kedvence","3","2005.11.23 23:31:00","2005.11.24 2:29:00"),("Caribi","1","2005.11.24 0:03:00","2005.11.24 2:17:00"),("Röfi","1","2005.11.24 0:24:00","2005.11.24 2:33:00"),("Gino","1","2005.11.24 1:20:00","2005.11.24 3:13:00"),("Szardíniás","1","2005.11.24 2:15:00","2005.11.24 3:13:00"),("HamAndEggs","1","2005.11.24 2:40:00","2005.11.24 4:13:00"),("Főnök kedvence","3","2005.11.24 3:22:00","2005.11.24 6:16:00"),("Gombás","1","2005.11.24 3:44:00","2005.11.24 4:53:00"),("Spanyol","1","2005.11.24 3:49:00","2005.11.24 6:49:00"),("Csabesz","2","2005.11.24 4:19:00","2005.11.24 6:48:00"),("Mamma fia","1","2005.11.24 4:51:00","2005.11.24 6:40:00"),("Erdő kapitánya","1","2005.11.24 5:38:00","2005.11.24 6:18:00"),("Maffiózó","1","2005.11.24 5:45:00","2005.11.24 8:01:00"),("Spanyol","1","2005.11.24 6:03:00","2005.11.24 9:14:00"),("Erdő kapitánya","1","2005.11.24 6:36:00","2005.11.24 8:51:00"),("Barbecue chicken","3","2005.11.24 7:16:00","2005.11.24 7:54:00"),("Lagúna","2","2005.11.24 7:25:00","2005.11.24 8:19:00"),("Kívánság","1","2005.11.24 7:51:00","2005.11.24 9:17:00"),("Főnök kedvence","3","2005.11.24 8:42:00","2005.11.24 11:17:00"),("Csupa sajt","1","2005.11.24 8:49:00","2005.11.24 11:35:00"),("Gombás","1","2005.11.24 8:59:00","2005.11.24 10:14:00"),("Popey","1","2005.11.24 9:16:00","2005.11.24 9:55:00"),("Gombás","1","2005.11.24 9:34:00","2005.11.24 11:10:00"),("Mixi","1","2005.11.24 9:48:00","2005.11.24 12:53:00"),("Gombás","3","2005.11.24 10:39:00","2005.11.24 12:21:00"),("Ínyenc","1","2005.11.24 11:15:00","2005.11.24 12:38:00"),("Kagylós","1","2005.11.24 12:08:00","2005.11.24 13:25:00"),("Nikó","1","2005.11.24 12:36:00","2005.11.24 13:05:00"),("Magyaros","1","2005.11.24 13:18:00","2005.11.24 16:02:00"),("Caribi","1","2005.11.24 13:35:00","2005.11.24 15:05:00"),("Csabesz","3","2005.11.24 13:46:00","2005.11.24 16:29:00"),("Csabesz","1","2005.11.24 14:15:00","2005.11.24 14:52:00"),("Juhtúrós","1","2005.11.24 14:36:00","2005.11.24 15:45:00"),("Kiadós","1","2005.11.24 15:04:00","2005.11.24 17:11:00"),("Szőke kapitány","1","2005.11.24 15:22:00","2005.11.24 17:55:00"),("Tüzes halál","3","2005.11.24 15:46:00","2005.11.24 17:00:00"),("Gyros pizza","3","2005.11.24 15:58:00","2005.11.24 17:35:00"),("Szardíniás","3","2005.11.24 16:25:00","2005.11.24 17:45:00"),("Gino","1","2005.11.24 17:09:00","2005.11.24 19:53:00"),("Spencer","1","2005.11.24 17:22:00","2005.11.24 19:21:00"),("Tenger gyümölcsei","1","2005.11.24 17:23:00","2005.11.24 19:45:00"),("Tündi kedvence","1","2005.11.24 18:02:00","2005.11.24 18:56:00"),("Lagúna","1","2005.11.24 18:15:00","2005.11.24 21:09:00"),("Hawaii","1","2005.11.24 18:20:00","2005.11.24 18:45:00"),("Kagylós","1","2005.11.24 19:14:00","2005.11.24 20:35:00"),("Maffiózó","1","2005.11.24 19:26:00","2005.11.24 22:34:00"),("Zöldike","2","2005.11.24 20:08:00","2005.11.24 22:55:00"),("Erdő kapitánya","1","2005.11.24 20:45:00","2005.11.24 21:57:00"),("Country","1","2005.11.24 20:52:00","2005.11.24 22:03:00"),("Erős János","1","2005.11.24 20:56:00","2005.11.24 22:27:00"),("Barbecue chicken","1","2005.11.24 21:15:00","2005.11.24 22:10:00"),("So-ku","2","2005.11.24 21:35:00","2005.11.25 0:13:00"),("Hamm","1","2005.11.24 21:49:00","2005.11.24 23:00:00"),("Excellent","1","2005.11.24 22:28:00","2005.11.24 23:06:00"),("Király pizza","1","2005.11.24 22:46:00","2005.11.25 0:15:00"),("Csabesz","1","2005.11.24 23:11:00","2005.11.25 0:14:00"),("Jobbágy","1","2005.11.24 23:13:00","2005.11.25 2:12:00"),("Pástétomos","2","2005.11.24 23:31:00","2005.11.25 0:22:00"),("Lagúna","1","2005.11.24 23:44:00","2005.11.25 2:18:00"),("Hercegnő","1","2005.11.25 0:19:00","2005.11.25 2:55:00"),("Nyuszó-Muszó","1","2005.11.25 0:49:00","2005.11.25 1:27:00"),("Gino","1","2005.11.25 1:27:00","2005.11.25 3:57:00"),("Füstös","2","2005.11.25 1:59:00","2005.11.25 3:55:00"),("Pacalos","1","2005.11.25 2:31:00","2005.11.25 4:02:00"),("Caribi","1","2005.11.25 3:23:00","2005.11.25 4:19:00"),("Vega","2","2005.11.25 3:28:00","2005.11.25 5:20:00"),("Nyuszó-Muszó","1","2005.11.25 3:32:00","2005.11.25 4:31:00"),("Ínyenc","2","2005.11.25 4:24:00","2005.11.25 5:16:00"),("Juhtúrós","1","2005.11.25 4:26:00","2005.11.25 7:34:00"),("Gino","1","2005.11.25 4:37:00","2005.11.25 5:32:00"),("Popey","3","2005.11.25 5:05:00","2005.11.25 7:02:00"),("Pástétomos","1","2005.11.25 5:56:00","2005.11.25 7:36:00"),("Áfonyás","1","2005.11.25 6:30:00","2005.11.25 7:15:00"),("Csabesz","1","2005.11.25 6:59:00","2005.11.25 8:21:00"),("Mamma fia","1","2005.11.25 7:15:00","2005.11.25 7:58:00"),("Excellent","2","2005.11.25 7:59:00","2005.11.25 9:13:00"),("Pástétomos","1","2005.11.25 8:19:00","2005.11.25 10:43:00"),("Mamma fia","1","2005.11.25 9:11:00","2005.11.25 11:42:00"),("Magvas","1","2005.11.25 9:20:00","2005.11.25 10:32:00"),("Jázmin álma","2","2005.11.25 10:06:00","2005.11.25 11:42:00"),("Kiadós","1","2005.11.25 10:17:00","2005.11.25 12:15:00"),("Pacalos","3","2005.11.25 10:52:00","2005.11.25 12:06:00"),("Barbecue chicken","1","2005.11.25 11:29:00","2005.11.25 12:46:00"),("Máj Fair Lady","2","2005.11.25 11:30:00","2005.11.25 12:45:00"),("Lagúna","1","2005.11.25 11:35:00","2005.11.25 12:08:00"),("Francia","1","2005.11.25 12:08:00","2005.11.25 13:05:00"),("Hercegnő","1","2005.11.25 12:45:00","2005.11.25 14:43:00"),("Mexikói","1","2005.11.25 13:34:00","2005.11.25 16:06:00"),("Vega","1","2005.11.25 14:27:00","2005.11.25 16:53:00"),("HamAndEggs","1","2005.11.25 14:55:00","2005.11.25 15:38:00"),("Tündi kedvence","3","2005.11.25 15:11:00","2005.11.25 17:05:00"),("Szardíniás","1","2005.11.25 15:19:00","2005.11.25 16:37:00"),("Csabesz","1","2005.11.25 15:47:00","2005.11.25 18:42:00"),("Mexikói","1","2005.11.25 16:03:00","2005.11.25 18:45:00"),("Nyuszó-Muszó","1","2005.11.25 16:43:00","2005.11.25 19:39:00"),("Szerzetes","1","2005.11.25 17:21:00","2005.11.25 19:04:00"),("Nyuszó-Muszó","1","2005.11.25 17:27:00","2005.11.25 19:16:00"),("HamAndEggs","3","2005.11.25 17:56:00","2005.11.25 19:22:00"),("Hamm","1","2005.11.25 18:04:00","2005.11.25 20:16:00"),("Spanyol","3","2005.11.25 19:01:00","2005.11.25 20:33:00"),("Spanyol","3","2005.11.25 19:16:00","2005.11.25 21:09:00"),("Mamma fia","1","2005.11.25 19:47:00","2005.11.25 22:26:00"),("Tüzes halál","1","2005.11.25 19:49:00","2005.11.25 21:39:00"),("Pipis","1","2005.11.25 20:23:00","2005.11.25 21:16:00"),("Lecsó","1","2005.11.25 21:06:00","2005.11.25 22:10:00"),("Hercegnő","3","2005.11.25 21:42:00","2005.11.26 0:38:00"),("Excellent","1","2005.11.25 22:27:00","2005.11.25 23:29:00"),("Törperős","1","2005.11.25 22:45:00","2005.11.26 0:49:00"),("Erdő kapitánya","1","2005.11.25 22:51:00","2005.11.26 0:08:00"),("Tündi kedvence","2","2005.11.25 23:17:00","2005.11.26 2:14:00"),("Maffiózó","1","2005.11.26 0:04:00","2005.11.26 0:25:00"),("Kiadós","1","2005.11.26 0:39:00","2005.11.26 2:26:00"),("Betyáros","1","2005.11.26 1:14:00","2005.11.26 3:11:00"),("Erdő kapitánya","2","2005.11.26 1:58:00","2005.11.26 4:14:00"),("HamAndEggs","1","2005.11.26 2:15:00","2005.11.26 3:25:00"),("Kolbászos","1","2005.11.26 3:04:00","2005.11.26 3:50:00"),("Nyuszó-Muszó","1","2005.11.26 3:40:00","2005.11.26 4:15:00"),("Hellas","1","2005.11.26 4:11:00","2005.11.26 5:09:00"),("So-ku","1","2005.11.26 4:50:00","2005.11.26 5:24:00"),("Röfi","2","2005.11.26 5:18:00","2005.11.26 8:06:00"),("Son-go-ku","1","2005.11.26 6:01:00","2005.11.26 8:20:00"),("Kiadós","1","2005.11.26 6:05:00","2005.11.26 9:17:00"),("Mexikói","1","2005.11.26 6:47:00","2005.11.26 8:28:00"),("Popey","1","2005.11.26 7:19:00","2005.11.26 10:26:00"),("Pástétomos","1","2005.11.26 8:15:00","2005.11.26 9:07:00"),("Popey","3","2005.11.26 9:02:00","2005.11.26 11:00:00"),("Francia","3","2005.11.26 9:17:00","2005.11.26 12:26:00"),("Lagúna","1","2005.11.26 9:37:00","2005.11.26 10:45:00"),("Jázmin álma","1","2005.11.26 9:52:00","2005.11.26 12:59:00"),("Sajtos","1","2005.11.26 10:30:00","2005.11.26 12:01:00"),("Sonkás","1","2005.11.26 10:41:00","2005.11.26 12:38:00"),("Kagylós","3","2005.11.26 10:44:00","2005.11.26 11:39:00"),("Pástétomos","2","2005.11.26 10:53:00","2005.11.26 13:34:00"),("Nikó","1","2005.11.26 10:59:00","2005.11.26 13:49:00"),("Főnök kedvence","1","2005.11.26 11:04:00","2005.11.26 12:23:00"),("Csupa sajt","1","2005.11.26 11:46:00","2005.11.26 12:58:00"),("Törperős","1","2005.11.26 12:04:00","2005.11.26 13:08:00"),("Törperős","1","2005.11.26 12:58:00","2005.11.26 15:27:00"),("Csupa sajt","1","2005.11.26 13:50:00","2005.11.26 16:34:00"),("Spencer","3","2005.11.26 14:20:00","2005.11.26 17:05:00"),("Góré","1","2005.11.26 14:57:00","2005.11.26 17:49:00"),("Törperős","2","2005.11.26 15:30:00","2005.11.26 16:41:00"),("Mexikói","3","2005.11.26 16:10:00","2005.11.26 16:40:00"),("Hamm","1","2005.11.26 16:18:00","2005.11.26 17:16:00"),("Betyáros","1","2005.11.26 16:37:00","2005.11.26 19:05:00"),("Pástétomos","2","2005.11.26 17:05:00","2005.11.26 17:57:00"),("Góré","2","2005.11.26 17:09:00","2005.11.26 18:26:00"),("Mexikói","1","2005.11.26 17:43:00","2005.11.26 20:28:00"),("Áfonyás","1","2005.11.26 18:34:00","2005.11.26 19:31:00"),("Caribi","1","2005.11.26 19:17:00","2005.11.26 20:44:00"),("Hercegnő","1","2005.11.26 19:48:00","2005.11.26 22:18:00"),("Tündi kedvence","2","2005.11.26 20:01:00","2005.11.26 20:35:00"),("Maffiózó","1","2005.11.26 20:23:00","2005.11.26 20:47:00"),("Szerzetes","1","2005.11.26 20:55:00","2005.11.26 22:18:00"),("Sajtos","1","2005.11.26 21:51:00","2005.11.26 22:17:00"),("Erdő kapitánya","3","2005.11.26 22:36:00","2005.11.27 1:09:00"),("Tonhalas","1","2005.11.26 22:58:00","2005.11.27 1:44:00"),("Gombás","1","2005.11.26 23:37:00","2005.11.27 0:49:00"),("Gino","3","2005.11.26 23:41:00","2005.11.27 1:48:00"),("Lagúna","2","2005.11.26 23:57:00","2005.11.27 2:46:00"),("Csupa sajt","1","2005.11.27 0:34:00","2005.11.27 1:37:00"),("Kiadós","1","2005.11.27 0:51:00","2005.11.27 2:46:00"),("Szardíniás","2","2005.11.27 1:16:00","2005.11.27 1:51:00"),("Ínyenc","1","2005.11.27 1:42:00","2005.11.27 3:25:00"),("Áfonyás","3","2005.11.27 2:26:00","2005.11.27 5:17:00"),("Magyaros","1","2005.11.27 2:39:00","2005.11.27 5:39:00"),("Country","1","2005.11.27 3:29:00","2005.11.27 5:31:00"),("Gyros pizza","2","2005.11.27 4:24:00","2005.11.27 6:57:00"),("Hawaii","1","2005.11.27 4:53:00","2005.11.27 8:03:00"),("Pásztor","2","2005.11.27 5:18:00","2005.11.27 7:42:00"),("Szerzetes","1","2005.11.27 6:05:00","2005.11.27 6:47:00"),("Vega","1","2005.11.27 6:23:00","2005.11.27 8:11:00"),("Maffiózó","2","2005.11.27 6:52:00","2005.11.27 7:20:00"),("Áfonyás","1","2005.11.27 7:39:00","2005.11.27 10:13:00"),("Mexikói","1","2005.11.27 8:17:00","2005.11.27 10:27:00"),("So-ku","2","2005.11.27 8:45:00","2005.11.27 11:39:00"),("Hercegnő","2","2005.11.27 9:35:00","2005.11.27 11:58:00"),("Tündi kedvence","2","2005.11.27 10:17:00","2005.11.27 13:18:00"),("Tüzes halál","1","2005.11.27 10:22:00","2005.11.27 11:20:00"),("Magvas","1","2005.11.27 11:12:00","2005.11.27 13:48:00"),("Erdő kapitánya","1","2005.11.27 11:20:00","2005.11.27 12:58:00"),("Gyros pizza","1","2005.11.27 11:59:00","2005.11.27 13:17:00"),("Magyaros","3","2005.11.27 12:38:00","2005.11.27 13:03:00"),("Quattro","1","2005.11.27 13:13:00","2005.11.27 15:23:00"),("Nikó","2","2005.11.27 13:54:00","2005.11.27 14:43:00"),("Vega","1","2005.11.27 14:14:00","2005.11.27 15:23:00"),("Pástétomos","1","2005.11.27 14:37:00","2005.11.27 15:43:00"),("Barbecue chicken","1","2005.11.27 15:25:00","2005.11.27 17:49:00"),("Csupa sajt","1","2005.11.27 16:15:00","2005.11.27 17:07:00"),("Kívánság","1","2005.11.27 16:58:00","2005.11.27 18:27:00"),("Jázmin álma","1","2005.11.27 17:47:00","2005.11.27 18:45:00"),("Szőke kapitány","3","2005.11.27 18:01:00","2005.11.27 19:45:00"),("Babos","1","2005.11.27 18:38:00","2005.11.27 20:16:00"),("Magyaros","2","2005.11.27 18:53:00","2005.11.27 19:55:00"),("Magyaros","1","2005.11.27 19:10:00","2005.11.27 22:03:00"),("Spencer","1","2005.11.27 19:17:00","2005.11.27 22:19:00"),("Zöldike","1","2005.11.27 20:08:00","2005.11.27 21:24:00"),("Son-go-ku","1","2005.11.27 20:08:00","2005.11.27 21:23:00"),("Kívánság","1","2005.11.27 21:02:00","2005.11.27 21:44:00"),("Tonhalas","1","2005.11.27 21:47:00","2005.11.28 0:33:00"),("Görög","1","2005.11.27 22:37:00","2005.11.28 0:41:00"),("Magyaros","2","2005.11.27 22:45:00","2005.11.28 1:37:00"),("Füstös","1","2005.11.27 23:33:00","2005.11.28 2:14:00"),("Caribi","3","2005.11.27 23:43:00","2005.11.28 0:15:00"),("Nikó","2","2005.11.28 0:10:00","2005.11.28 1:49:00"),("Betyáros","3","2005.11.28 0:20:00","2005.11.28 2:20:00"),("Ilike","2","2005.11.28 0:40:00","2005.11.28 3:42:00"),("Nikó","1","2005.11.28 0:47:00","2005.11.28 1:36:00"),("So-ku","1","2005.11.28 1:12:00","2005.11.28 4:19:00"),("Country","1","2005.11.28 1:17:00","2005.11.28 1:58:00"),("Lecsó","1","2005.11.28 1:22:00","2005.11.28 2:28:00"),("Kétszínű","1","2005.11.28 1:51:00","2005.11.28 2:31:00"),("Mixi","1","2005.11.28 2:40:00","2005.11.28 3:36:00"),("Hercegnő","1","2005.11.28 2:49:00","2005.11.28 5:17:00"),("Maffiózó","1","2005.11.28 3:23:00","2005.11.28 6:30:00"),("Gyros pizza","1","2005.11.28 3:52:00","2005.11.28 5:58:00"),("HamAndEggs","1","2005.11.28 4:20:00","2005.11.28 7:28:00"),("Lagúna","2","2005.11.28 5:06:00","2005.11.28 6:30:00"),("Csupa sajt","1","2005.11.28 5:30:00","2005.11.28 6:30:00"),("Sajtos","1","2005.11.28 6:03:00","2005.11.28 7:28:00"),("Gombás","1","2005.11.28 6:57:00","2005.11.28 9:13:00"),("Babos","1","2005.11.28 7:34:00","2005.11.28 9:16:00"),("Máj Fair Lady","2","2005.11.28 7:34:00","2005.11.28 9:18:00"),("Lecsó","1","2005.11.28 7:39:00","2005.11.28 8:33:00"),("Görög","1","2005.11.28 8:22:00","2005.11.28 9:09:00"),("Nordic","3","2005.11.28 8:43:00","2005.11.28 10:54:00"),("Hellas","1","2005.11.28 9:16:00","2005.11.28 9:57:00"),("Barbecue chicken","1","2005.11.28 10:12:00","2005.11.28 11:33:00"),("Ínyenc","1","2005.11.28 10:16:00","2005.11.28 12:39:00"),("Ilike","1","2005.11.28 11:04:00","2005.11.28 12:15:00"),("Hercegnő","1","2005.11.28 11:28:00","2005.11.28 13:13:00"),("Kiadós","1","2005.11.28 12:23:00","2005.11.28 14:15:00"),("Kolbászos","1","2005.11.28 12:29:00","2005.11.28 15:30:00"),("Juhtúrós","1","2005.11.28 12:36:00","2005.11.28 14:37:00"),("Pástétomos","2","2005.11.28 13:27:00","2005.11.28 16:18:00"),("Caribi","3","2005.11.28 13:31:00","2005.11.28 16:05:00"),("Son-go-ku","1","2005.11.28 14:28:00","2005.11.28 15:36:00"),("Zöldike","1","2005.11.28 14:35:00","2005.11.28 15:18:00"),("Jobbágy","1","2005.11.28 15:02:00","2005.11.28 17:38:00"),("Nordic","1","2005.11.28 15:04:00","2005.11.28 18:01:00"),("Sajtos","1","2005.11.28 15:59:00","2005.11.28 19:10:00"),("Ilike","1","2005.11.28 16:30:00","2005.11.28 18:53:00"),("Spanyol","1","2005.11.28 16:42:00","2005.11.28 19:20:00"),("Sajtos","1","2005.11.28 17:20:00","2005.11.28 20:16:00"),("Kétszínű","1","2005.11.28 17:26:00","2005.11.28 19:58:00"),("Szőke kapitány","1","2005.11.28 18:23:00","2005.11.28 20:06:00"),("Nordic","1","2005.11.28 18:59:00","2005.11.28 20:29:00"),("Kétszínű","3","2005.11.28 19:46:00","2005.11.28 22:29:00"),("So-ku","1","2005.11.28 20:21:00","2005.11.28 23:21:00"),("Pásztor","3","2005.11.28 21:02:00","2005.11.28 21:23:00"),("Csupa sajt","3","2005.11.28 21:37:00","2005.11.28 22:00:00"),("Erdő kapitánya","1","2005.11.28 22:00:00","2005.11.28 22:29:00"),("Spanyol","1","2005.11.28 22:13:00","2005.11.28 23:10:00"),("Barbecue chicken","1","2005.11.28 22:51:00","2005.11.29 0:48:00"),("Mamma fia","1","2005.11.28 23:06:00","2005.11.29 0:22:00"),("Kétszínű","2","2005.11.28 23:34:00","2005.11.29 2:04:00"),("Pástétomos","3","2005.11.28 23:52:00","2005.11.29 2:13:00"),("Pipis","1","2005.11.29 0:12:00","2005.11.29 0:49:00"),("Ínyenc","1","2005.11.29 0:30:00","2005.11.29 3:15:00"),("Füstös","1","2005.11.29 1:04:00","2005.11.29 1:49:00"),("Röfi","1","2005.11.29 1:39:00","2005.11.29 3:46:00"),("Erdő kapitánya","3","2005.11.29 2:26:00","2005.11.29 5:33:00"),("Tonhalas","1","2005.11.29 2:32:00","2005.11.29 3:01:00"),("Spanyol","1","2005.11.29 3:26:00","2005.11.29 6:05:00"),("Lecsó","1","2005.11.29 4:13:00","2005.11.29 7:17:00"),("Máj Fair Lady","1","2005.11.29 4:32:00","2005.11.29 7:09:00"),("Füstös","2","2005.11.29 5:30:00","2005.11.29 7:53:00"),("Frankfurti","1","2005.11.29 5:33:00","2005.11.29 5:54:00"),("Tündi kedvence","1","2005.11.29 6:08:00","2005.11.29 6:52:00"),("Kagylós","2","2005.11.29 7:03:00","2005.11.29 8:41:00"),("HamAndEggs","2","2005.11.29 7:43:00","2005.11.29 8:36:00"),("Tonhalas","1","2005.11.29 8:00:00","2005.11.29 9:47:00"),("Rettenetes magyar","3","2005.11.29 8:25:00","2005.11.29 11:23:00"),("Son-go-ku","3","2005.11.29 8:58:00","2005.11.29 9:32:00"),("Szardíniás","1","2005.11.29 9:30:00","2005.11.29 10:46:00"),("Tündi kedvence","1","2005.11.29 10:06:00","2005.11.29 11:35:00"),("Pásztor","1","2005.11.29 10:29:00","2005.11.29 11:18:00"),("Szerzetes","2","2005.11.29 10:53:00","2005.11.29 13:36:00"),("Kiadós","3","2005.11.29 11:48:00","2005.11.29 12:18:00"),("Betyáros","1","2005.11.29 12:10:00","2005.11.29 14:03:00"),("Mixi","2","2005.11.29 13:07:00","2005.11.29 15:24:00"),("Magyaros","1","2005.11.29 13:56:00","2005.11.29 15:43:00"),("Country","1","2005.11.29 14:47:00","2005.11.29 17:49:00"),("Hawaii","2","2005.11.29 15:06:00","2005.11.29 17:34:00"),("Spanyol","1","2005.11.29 15:48:00","2005.11.29 17:03:00"),("Nordic","1","2005.11.29 16:37:00","2005.11.29 19:22:00"),("Kolbászos","1","2005.11.29 17:01:00","2005.11.29 17:38:00"),("Csabesz","1","2005.11.29 17:16:00","2005.11.29 19:49:00"),("Francia","1","2005.11.29 18:02:00","2005.11.29 18:53:00"),("Mixi","1","2005.11.29 18:25:00","2005.11.29 19:23:00"),("Gombás","2","2005.11.29 18:31:00","2005.11.29 20:19:00"),("Szőke kapitány","2","2005.11.29 18:51:00","2005.11.29 20:53:00"),("Röfi","1","2005.11.29 18:56:00","2005.11.29 21:17:00"),("Spencer","1","2005.11.29 19:31:00","2005.11.29 21:57:00"),("Kiadós","2","2005.11.29 19:59:00","2005.11.29 20:33:00"),("Röfi","1","2005.11.29 20:42:00","2005.11.29 21:24:00"),("Gombás","2","2005.11.29 21:12:00","2005.11.29 22:06:00"),("Lagúna","1","2005.11.29 21:45:00","2005.11.29 22:39:00"),("Francia","1","2005.11.29 21:53:00","2005.11.29 22:50:00"),("Erdő kapitánya","1","2005.11.29 22:50:00","2005.11.29 23:55:00"),("Király pizza","2","2005.11.29 23:40:00","2005.11.30 0:17:00"),("Pipis","1","2005.11.29 23:43:00","2005.11.30 0:54:00"),("Nikó","1","2005.11.29 23:59:00","2005.11.30 0:45:00"),("Tüzes halál","1","2005.11.30 0:27:00","2005.11.30 2:28:00"),("Főnök kedvence","1","2005.11.30 1:08:00","2005.11.30 3:20:00"),("Pásztor","1","2005.11.30 1:25:00","2005.11.30 2:33:00"),("Hercegnő","1","2005.11.30 1:35:00","2005.11.30 4:24:00"),("Ínyenc","1","2005.11.30 1:39:00","2005.11.30 3:10:00"),("Spanyol","1","2005.11.30 2:08:00","2005.11.30 5:18:00"),("Ilike","1","2005.11.30 2:55:00","2005.11.30 5:14:00"),("Nikó","1","2005.11.30 3:34:00","2005.11.30 5:56:00"),("Tonhalas","1","2005.11.30 3:58:00","2005.11.30 5:41:00"),("Máj Fair Lady","2","2005.11.30 4:38:00","2005.11.30 5:40:00"),("Kolbászos","1","2005.11.30 5:03:00","2005.11.30 6:50:00"),("Erős János","1","2005.11.30 5:34:00","2005.11.30 6:18:00"),("Hamm","3","2005.11.30 6:08:00","2005.11.30 7:18:00"),("Spencer","1","2005.11.30 6:31:00","2005.11.30 7:53:00"),("Gyros pizza","1","2005.11.30 7:10:00","2005.11.30 9:14:00"),("Gino","2","2005.11.30 7:46:00","2005.11.30 8:32:00"),("Country","1","2005.11.30 8:42:00","2005.11.30 9:25:00"),("Mamma fia","1","2005.11.30 9:10:00","2005.11.30 11:04:00"),("Törperős","1","2005.11.30 10:00:00","2005.11.30 11:03:00"),("Magyaros","1","2005.11.30 10:35:00","2005.11.30 12:51:00"),("Tenger gyümölcsei","1","2005.11.30 11:15:00","2005.11.30 13:16:00"),("Sajtos","1","2005.11.30 11:51:00","2005.11.30 13:36:00"),("Maffiózó","1","2005.11.30 12:23:00","2005.11.30 14:24:00"),("Vega","1","2005.11.30 12:31:00","2005.11.30 13:40:00"),("Juhtúrós","1","2005.11.30 12:39:00","2005.11.30 13:56:00"),("Erdő kapitánya","1","2005.11.30 13:10:00","2005.11.30 13:50:00"),("Jázmin álma","1","2005.11.30 13:37:00","2005.11.30 16:31:00"),("Pástétomos","1","2005.11.30 14:15:00","2005.11.30 14:47:00"),("Gino","1","2005.11.30 14:50:00","2005.11.30 15:33:00"),("Ráki","1","2005.11.30 15:45:00","2005.11.30 18:38:00"),("Jobbágy","1","2005.11.30 15:59:00","2005.11.30 17:11:00"),("Betyáros","1","2005.11.30 16:17:00","2005.11.30 17:27:00"),("Spanyol","3","2005.11.30 16:54:00","2005.11.30 17:21:00"),("Tenger gyümölcsei","1","2005.11.30 17:34:00","2005.11.30 18:33:00"),("Kagylós","1","2005.11.30 18:07:00","2005.11.30 19:44:00"),("Kolbászos","1","2005.11.30 19:03:00","2005.11.30 21:20:00"),("Magvas","1","2005.11.30 19:17:00","2005.11.30 21:28:00"),("Pacalos","1","2005.11.30 19:31:00","2005.11.30 20:30:00"),("Vega","2","2005.11.30 20:06:00","2005.11.30 22:22:00"),("Gino","3","2005.11.30 20:22:00","2005.11.30 21:01:00"),("Caribi","1","2005.11.30 20:28:00","2005.11.30 22:00:00"),("Pástétomos","1","2005.11.30 21:19:00","2005.11.30 23:09:00"),("Nyuszó-Muszó","1","2005.11.30 21:29:00","2005.11.30 22:58:00"),("Hamm","1","2005.11.30 21:33:00","2005.12.01 0:31:00"),("Ínyenc","1","2005.11.30 21:45:00","2005.11.30 23:24:00"),("Magyaros","1","2005.11.30 22:37:00","2005.12.01 0:01:00"),("Vega","1","2005.11.30 23:13:00","2005.12.01 2:09:00"),("Szardíniás","1","2005.12.01 0:04:00","2005.12.01 0:55:00"),("Magvas","1","2005.12.01 0:36:00","2005.12.01 2:45:00"),("Pástétomos","2","2005.12.01 0:50:00","2005.12.01 1:11:00"),("Excellent","1","2005.12.01 1:40:00","2005.12.01 3:44:00"),("Erdő kapitánya","1","2005.12.01 2:14:00","2005.12.01 5:27:00"),("Son-go-ku","1","2005.12.01 3:07:00","2005.12.01 3:44:00"),("Pipis","1","2005.12.01 3:48:00","2005.12.01 6:13:00"),("Kiadós","1","2005.12.01 4:09:00","2005.12.01 5:51:00"),("Főnök kedvence","1","2005.12.01 4:53:00","2005.12.01 7:51:00"),("Spencer","1","2005.12.01 5:07:00","2005.12.01 8:12:00"),("Jázmin álma","1","2005.12.01 5:33:00","2005.12.01 6:10:00"),("Főnök kedvence","1","2005.12.01 6:17:00","2005.12.01 9:05:00"),("Röfi","1","2005.12.01 7:05:00","2005.12.01 8:16:00"),("Kolbászos","1","2005.12.01 7:18:00","2005.12.01 9:16:00"),("Szőke kapitány","1","2005.12.01 8:03:00","2005.12.01 8:44:00"),("Spencer","1","2005.12.01 8:42:00","2005.12.01 9:35:00"),("Szőke kapitány","1","2005.12.01 9:35:00","2005.12.01 11:32:00"),("Pástétomos","1","2005.12.01 10:25:00","2005.12.01 12:29:00"),("Rettenetes magyar","1","2005.12.01 10:38:00","2005.12.01 13:10:00"),("Quattro","2","2005.12.01 11:01:00","2005.12.01 14:04:00"),("Szalámis","1","2005.12.01 11:51:00","2005.12.01 12:44:00"),("So-ku","1","2005.12.01 12:26:00","2005.12.01 15:31:00"),("Áfonyás","1","2005.12.01 13:16:00","2005.12.01 14:18:00"),("Füstös","2","2005.12.01 13:33:00","2005.12.01 15:11:00"),("Szerzetes","1","2005.12.01 13:54:00","2005.12.01 16:36:00"),("Görög","1","2005.12.01 14:05:00","2005.12.01 17:17:00"),("Szőke kapitány","1","2005.12.01 14:59:00","2005.12.01 18:03:00"),("Francia","3","2005.12.01 15:33:00","2005.12.01 16:23:00"),("Francia","1","2005.12.01 16:25:00","2005.12.01 18:41:00"),("Caribi","1","2005.12.01 16:59:00","2005.12.01 19:16:00"),("Áfonyás","1","2005.12.01 17:43:00","2005.12.01 20:24:00"),("Gyros pizza","1","2005.12.01 18:15:00","2005.12.01 20:55:00"),("Mixi","1","2005.12.01 19:06:00","2005.12.01 19:40:00"),("Babos","2","2005.12.01 19:44:00","2005.12.01 20:53:00"),("Áfonyás","1","2005.12.01 20:03:00","2005.12.01 23:08:00"),("Francia","1","2005.12.01 20:45:00","2005.12.01 21:25:00"),("Rettenetes magyar","1","2005.12.01 21:24:00","2005.12.01 22:07:00"),("Szardíniás","1","2005.12.01 21:46:00","2005.12.01 23:04:00"),("Quattro","2","2005.12.01 22:08:00","2005.12.02 0:48:00"),("Görög","1","2005.12.01 23:01:00","2005.12.02 0:37:00"),("Kagylós","1","2005.12.01 23:08:00","2005.12.02 1:01:00"),("Szerzetes","1","2005.12.02 0:04:00","2005.12.02 1:57:00"),("Zöldike","1","2005.12.02 0:44:00","2005.12.02 1:16:00"),("So-ku","3","2005.12.02 1:33:00","2005.12.02 4:04:00"),("Máj Fair Lady","1","2005.12.02 2:29:00","2005.12.02 3:19:00"),("Spencer","1","2005.12.02 3:04:00","2005.12.02 5:44:00"),("Rettenetes magyar","3","2005.12.02 4:00:00","2005.12.02 6:34:00"),("Pásztor","1","2005.12.02 4:01:00","2005.12.02 6:01:00"),("Spencer","1","2005.12.02 4:41:00","2005.12.02 5:45:00"),("Magvas","3","2005.12.02 5:09:00","2005.12.02 7:42:00"),("Nikó","1","2005.12.02 5:46:00","2005.12.02 6:39:00"),("Nyuszó-Muszó","3","2005.12.02 6:12:00","2005.12.02 8:56:00"),("Ráki","3","2005.12.02 6:39:00","2005.12.02 7:28:00"),("Kolbászos","1","2005.12.02 6:47:00","2005.12.02 8:55:00"),("Erős János","1","2005.12.02 7:34:00","2005.12.02 9:35:00"),("Frankfurti","1","2005.12.02 7:40:00","2005.12.02 9:48:00"),("Caribi","3","2005.12.02 8:22:00","2005.12.02 8:44:00"),("Görög","1","2005.12.02 8:41:00","2005.12.02 9:42:00"),("Tenger gyümölcsei","1","2005.12.02 8:57:00","2005.12.02 9:58:00"),("Magvas","1","2005.12.02 9:19:00","2005.12.02 9:43:00"),("Áfonyás","1","2005.12.02 9:31:00","2005.12.02 10:51:00"),("Babos","1","2005.12.02 9:44:00","2005.12.02 12:16:00"),("Magyaros","1","2005.12.02 9:56:00","2005.12.02 12:36:00"),("Maffiózó","1","2005.12.02 10:26:00","2005.12.02 12:42:00"),("Röfi","1","2005.12.02 10:33:00","2005.12.02 11:49:00"),("Ráki","1","2005.12.02 11:04:00","2005.12.02 13:26:00"),("Tonhalas","1","2005.12.02 11:20:00","2005.12.02 13:53:00"),("Zöldike","1","2005.12.02 11:40:00","2005.12.02 12:18:00"),("Füstös","1","2005.12.02 11:44:00","2005.12.02 12:54:00"),("Frankfurti","1","2005.12.02 12:11:00","2005.12.02 12:53:00"),("Lecsó","3","2005.12.02 12:56:00","2005.12.02 15:00:00"),("Zöldike","1","2005.12.02 13:16:00","2005.12.02 14:51:00"),("Röfi","1","2005.12.02 13:28:00","2005.12.02 15:30:00"),("Pásztor","1","2005.12.02 13:54:00","2005.12.02 15:43:00"),("Szerzetes","1","2005.12.02 14:45:00","2005.12.02 15:11:00"),("Máj Fair Lady","1","2005.12.02 15:28:00","2005.12.02 17:02:00"),("Hellas","1","2005.12.02 16:17:00","2005.12.02 18:56:00"),("Szalámis","1","2005.12.02 16:47:00","2005.12.02 19:29:00"),("Röfi","1","2005.12.02 17:33:00","2005.12.02 18:08:00"),("Görög","1","2005.12.02 17:45:00","2005.12.02 18:22:00"),("Sajtos","1","2005.12.02 18:40:00","2005.12.02 20:21:00"),("Nyuszó-Muszó","2","2005.12.02 18:58:00","2005.12.02 21:42:00"),("Mixi","1","2005.12.02 19:12:00","2005.12.02 19:52:00"),("Gino","2","2005.12.02 19:48:00","2005.12.02 22:11:00"),("Spencer","1","2005.12.02 20:06:00","2005.12.02 22:36:00"),("Lagúna","2","2005.12.02 20:16:00","2005.12.02 23:08:00"),("Tündi kedvence","1","2005.12.02 20:44:00","2005.12.02 22:55:00"),("Spencer","1","2005.12.02 20:45:00","2005.12.02 21:47:00"),("Szardíniás","1","2005.12.02 20:49:00","2005.12.02 22:02:00"),("Kagylós","2","2005.12.02 20:51:00","2005.12.02 23:50:00"),("Vega","1","2005.12.02 21:13:00","2005.12.02 21:44:00"),("Jobbágy","1","2005.12.02 22:10:00","2005.12.03 0:40:00"),("Király pizza","2","2005.12.02 22:21:00","2005.12.03 0:41:00"),("Szerzetes","1","2005.12.02 22:26:00","2005.12.03 0:01:00"),("Kagylós","1","2005.12.02 23:06:00","2005.12.02 23:28:00"),("Gino","1","2005.12.02 23:31:00","2005.12.03 1:42:00"),("Caribi","1","2005.12.03 0:17:00","2005.12.03 2:24:00"),("Son-go-ku","1","2005.12.03 0:43:00","2005.12.03 3:13:00"),("Popey","1","2005.12.03 1:24:00","2005.12.03 3:20:00"),("Gombás","1","2005.12.03 2:04:00","2005.12.03 4:10:00"),("Mexikói","1","2005.12.03 2:49:00","2005.12.03 3:18:00"),("Rettenetes magyar","2","2005.12.03 3:23:00","2005.12.03 6:23:00"),("Francia","1","2005.12.03 3:51:00","2005.12.03 4:19:00"),("Pacalos","2","2005.12.03 4:39:00","2005.12.03 5:04:00"),("Pacalos","3","2005.12.03 5:10:00","2005.12.03 6:28:00"),("Magvas","3","2005.12.03 5:20:00","2005.12.03 8:29:00"),("Góré","1","2005.12.03 6:16:00","2005.12.03 7:18:00"),("Pásztor","3","2005.12.03 7:04:00","2005.12.03 8:00:00"),("Popey","1","2005.12.03 7:33:00","2005.12.03 10:37:00"),("Jázmin álma","1","2005.12.03 7:36:00","2005.12.03 10:21:00"),("Frankfurti","1","2005.12.03 7:38:00","2005.12.03 9:43:00"),("Frankfurti","1","2005.12.03 7:56:00","2005.12.03 9:32:00"),("Nikó","1","2005.12.03 8:25:00","2005.12.03 10:10:00"),("Tündi kedvence","3","2005.12.03 8:49:00","2005.12.03 10:58:00"),("Gyros pizza","1","2005.12.03 8:55:00","2005.12.03 11:33:00"),("Szalámis","1","2005.12.03 9:35:00","2005.12.03 11:59:00"),("Kívánság","2","2005.12.03 9:42:00","2005.12.03 10:39:00"),("Góré","2","2005.12.03 9:58:00","2005.12.03 11:56:00"),("Ínyenc","1","2005.12.03 10:28:00","2005.12.03 11:42:00"),("Lagúna","1","2005.12.03 11:08:00","2005.12.03 13:47:00"),("Lecsó","3","2005.12.03 11:53:00","2005.12.03 13:16:00"),("So-ku","3","2005.12.03 12:01:00","2005.12.03 12:29:00"),("HamAndEggs","1","2005.12.03 12:39:00","2005.12.03 14:53:00"),("So-ku","1","2005.12.03 13:22:00","2005.12.03 16:17:00"),("Erős János","1","2005.12.03 13:43:00","2005.12.03 16:21:00"),("Lagúna","2","2005.12.03 14:27:00","2005.12.03 15:17:00"),("Hellas","1","2005.12.03 15:04:00","2005.12.03 18:15:00"),("Mixi","1","2005.12.03 15:18:00","2005.12.03 16:11:00"),("Kétszínű","1","2005.12.03 16:07:00","2005.12.03 17:46:00"),("Lagúna","1","2005.12.03 16:40:00","2005.12.03 19:16:00"),("Caribi","2","2005.12.03 17:17:00","2005.12.03 19:10:00"),("Tonhalas","1","2005.12.03 17:27:00","2005.12.03 19:59:00"),("Gino","1","2005.12.03 18:25:00","2005.12.03 21:18:00"),("Röfi","1","2005.12.03 19:00:00","2005.12.03 21:26:00"),("Erdő kapitánya","1","2005.12.03 19:26:00","2005.12.03 20:14:00"),("Gyros pizza","1","2005.12.03 20:19:00","2005.12.03 22:48:00"),("Jobbágy","1","2005.12.03 20:31:00","2005.12.03 23:29:00"),("Nordic","3","2005.12.03 20:52:00","2005.12.03 21:45:00"),("Görög","1","2005.12.03 21:10:00","2005.12.03 23:20:00"),("Füstös","1","2005.12.03 21:16:00","2005.12.03 23:15:00"),("Hamm","1","2005.12.03 21:28:00","2005.12.03 21:50:00"),("Nyuszó-Muszó","1","2005.12.03 21:37:00","2005.12.04 0:14:00"),("HamAndEggs","1","2005.12.03 22:26:00","2005.12.04 1:31:00"),("Spencer","1","2005.12.03 23:15:00","2005.12.04 2:02:00"),("Excellent","2","2005.12.03 23:54:00","2005.12.04 2:54:00"),("Ráki","1","2005.12.04 0:33:00","2005.12.04 3:14:00"),("Quattro","1","2005.12.04 0:44:00","2005.12.04 2:23:00"),("Góré","1","2005.12.04 1:06:00","2005.12.04 1:54:00"),("Góré","1","2005.12.04 1:38:00","2005.12.04 2:50:00"),("Csupa sajt","1","2005.12.04 2:31:00","2005.12.04 4:36:00"),("Szőke kapitány","1","2005.12.04 2:34:00","2005.12.04 3:39:00"),("HamAndEggs","3","2005.12.04 3:07:00","2005.12.04 5:14:00"),("Spanyol","1","2005.12.04 3:30:00","2005.12.04 6:10:00"),("Ilike","1","2005.12.04 4:16:00","2005.12.04 5:26:00"),("Rettenetes magyar","1","2005.12.04 4:26:00","2005.12.04 6:48:00"),("Gino","1","2005.12.04 5:17:00","2005.12.04 6:29:00"),("Hercegnő","3","2005.12.04 5:19:00","2005.12.04 8:17:00"),("Füstös","1","2005.12.04 5:27:00","2005.12.04 7:04:00"),("Nordic","2","2005.12.04 5:31:00","2005.12.04 7:58:00"),("Kagylós","3","2005.12.04 6:03:00","2005.12.04 7:27:00"),("Tonhalas","1","2005.12.04 6:36:00","2005.12.04 8:11:00"),("Szerzetes","1","2005.12.04 7:27:00","2005.12.04 9:49:00"),("Vega","1","2005.12.04 8:15:00","2005.12.04 10:36:00"),("Babos","3","2005.12.04 8:53:00","2005.12.04 10:16:00"),("Erdő kapitánya","1","2005.12.04 9:47:00","2005.12.04 10:59:00"),("So-ku","1","2005.12.04 9:53:00","2005.12.04 10:40:00"),("Röfi","1","2005.12.04 10:05:00","2005.12.04 12:41:00"),("Máj Fair Lady","1","2005.12.04 10:55:00","2005.12.04 12:55:00"),("Vega","1","2005.12.04 11:35:00","2005.12.04 13:00:00"),("Betyáros","1","2005.12.04 12:20:00","2005.12.04 13:27:00"),("Gombás","1","2005.12.04 12:45:00","2005.12.04 15:45:00"),("Zöldike","1","2005.12.04 13:24:00","2005.12.04 14:21:00"),("Quattro","1","2005.12.04 14:06:00","2005.12.04 15:40:00"),("Babos","1","2005.12.04 14:38:00","2005.12.04 17:42:00"),("Jázmin álma","1","2005.12.04 14:44:00","2005.12.04 15:34:00"),("Nordic","2","2005.12.04 14:57:00","2005.12.04 17:38:00"),("Popey","3","2005.12.04 15:32:00","2005.12.04 18:17:00"),("Szalámis","1","2005.12.04 16:05:00","2005.12.04 18:07:00"),("Pástétomos","1","2005.12.04 16:43:00","2005.12.04 18:02:00"),("Pipis","1","2005.12.04 17:35:00","2005.12.04 19:11:00"),("Country","1","2005.12.04 17:47:00","2005.12.04 19:18:00"),("Máj Fair Lady","1","2005.12.04 18:14:00","2005.12.04 20:14:00"),("Kívánság","1","2005.12.04 18:22:00","2005.12.04 18:46:00"),("Füstös","1","2005.12.04 18:44:00","2005.12.04 21:50:00"),("Pásztor","2","2005.12.04 19:16:00","2005.12.04 22:09:00"),("Góré","2","2005.12.04 19:55:00","2005.12.04 20:25:00"),("Csabesz","1","2005.12.04 20:15:00","2005.12.04 21:19:00"),("Kiadós","1","2005.12.04 20:27:00","2005.12.04 20:52:00"),("Hercegnő","1","2005.12.04 21:19:00","2005.12.04 22:11:00"),("Excellent","2","2005.12.04 22:01:00","2005.12.05 0:43:00"),("Ilike","1","2005.12.04 22:35:00","2005.12.05 0:57:00"),("Pástétomos","1","2005.12.04 23:32:00","2005.12.05 1:03:00"),("Hamm","1","2005.12.05 0:11:00","2005.12.05 2:36:00"),("Gyros pizza","1","2005.12.05 0:47:00","2005.12.05 1:51:00"),("Sonkás","2","2005.12.05 1:16:00","2005.12.05 4:18:00"),("Szerzetes","1","2005.12.05 1:45:00","2005.12.05 4:24:00"),("Tüzes halál","1","2005.12.05 1:52:00","2005.12.05 3:45:00"),("Lagúna","1","2005.12.05 2:29:00","2005.12.05 3:19:00"),("Barbecue chicken","2","2005.12.05 2:48:00","2005.12.05 4:18:00"),("Sonkás","1","2005.12.05 2:48:00","2005.12.05 5:30:00"),("Popey","3","2005.12.05 3:35:00","2005.12.05 5:39:00"),("Erős János","1","2005.12.05 4:13:00","2005.12.05 6:13:00"),("Tenger gyümölcsei","1","2005.12.05 4:33:00","2005.12.05 5:01:00"),("Hercegnő","1","2005.12.05 5:27:00","2005.12.05 7:02:00"),("Erdő kapitánya","1","2005.12.05 6:23:00","2005.12.05 7:55:00"),("Tenger gyümölcsei","3","2005.12.05 7:14:00","2005.12.05 9:41:00"),("Hawaii","1","2005.12.05 8:01:00","2005.12.05 9:15:00"),("Betyáros","1","2005.12.05 8:44:00","2005.12.05 11:56:00"),("Quattro","1","2005.12.05 9:32:00","2005.12.05 12:43:00"),("Caribi","1","2005.12.05 9:37:00","2005.12.05 12:46:00"),("Quattro","3","2005.12.05 9:42:00","2005.12.05 11:21:00"),("So-ku","1","2005.12.05 10:13:00","2005.12.05 11:40:00"),("Kívánság","1","2005.12.05 11:07:00","2005.12.05 11:44:00"),("HamAndEggs","1","2005.12.05 12:02:00","2005.12.05 14:49:00"),("Jázmin álma","1","2005.12.05 12:38:00","2005.12.05 14:38:00"),("Mamma fia","2","2005.12.05 12:57:00","2005.12.05 15:02:00"),("Lagúna","1","2005.12.05 13:54:00","2005.12.05 14:50:00"),("Frankfurti","1","2005.12.05 14:22:00","2005.12.05 17:18:00"),("Lecsó","1","2005.12.05 14:49:00","2005.12.05 17:11:00"),("Kívánság","3","2005.12.05 15:18:00","2005.12.05 16:35:00"),("Gino","1","2005.12.05 15:55:00","2005.12.05 17:46:00"),("Mexikói","3","2005.12.05 16:51:00","2005.12.05 19:06:00"),("Barbecue chicken","2","2005.12.05 17:28:00","2005.12.05 19:37:00"),("Törperős","1","2005.12.05 17:50:00","2005.12.05 19:07:00"),("Hawaii","1","2005.12.05 18:06:00","2005.12.05 21:15:00"),("Lagúna","1","2005.12.05 18:58:00","2005.12.05 19:43:00"),("Betyáros","1","2005.12.05 19:12:00","2005.12.05 20:19:00"),("Kétszínű","2","2005.12.05 19:44:00","2005.12.05 21:56:00"),("Kétszínű","1","2005.12.05 19:50:00","2005.12.05 22:15:00"),("Rettenetes magyar","1","2005.12.05 20:09:00","2005.12.05 21:24:00"),("Excellent","1","2005.12.05 20:33:00","2005.12.05 23:27:00"),("HamAndEggs","1","2005.12.05 20:37:00","2005.12.05 23:21:00"),("Hellas","1","2005.12.05 20:37:00","2005.12.05 23:11:00"),("Erdő kapitánya","1","2005.12.05 21:14:00","2005.12.06 0:16:00"),("Kívánság","1","2005.12.05 22:01:00","2005.12.06 0:59:00"),("Erős János","1","2005.12.05 22:19:00","2005.12.05 23:03:00"),("Király pizza","2","2005.12.05 22:37:00","2005.12.06 0:37:00"),("Szőke kapitány","3","2005.12.05 22:59:00","2005.12.06 1:39:00"),("Lecsó","1","2005.12.05 23:26:00","2005.12.06 0:23:00"),("Excellent","1","2005.12.05 23:28:00","2005.12.06 1:13:00"),("Barbecue chicken","1","2005.12.05 23:44:00","2005.12.06 0:49:00"),("Son-go-ku","1","2005.12.06 0:32:00","2005.12.06 3:13:00"),("Babos","3","2005.12.06 0:36:00","2005.12.06 1:42:00"),("Főnök kedvence","1","2005.12.06 0:37:00","2005.12.06 1:55:00"),("Spanyol","1","2005.12.06 1:31:00","2005.12.06 3:00:00"),("Röfi","3","2005.12.06 1:35:00","2005.12.06 4:20:00"),("Nyuszó-Muszó","1","2005.12.06 2:29:00","2005.12.06 5:30:00"),("Jázmin álma","1","2005.12.06 3:12:00","2005.12.06 4:20:00"),("Pacalos","3","2005.12.06 3:20:00","2005.12.06 4:44:00"),("Erős János","1","2005.12.06 4:12:00","2005.12.06 4:59:00"),("Quattro","1","2005.12.06 4:39:00","2005.12.06 5:08:00"),("Jázmin álma","1","2005.12.06 5:08:00","2005.12.06 8:01:00"),("Nikó","1","2005.12.06 5:35:00","2005.12.06 6:02:00"),("Zöldike","1","2005.12.06 6:22:00","2005.12.06 8:43:00"),("Hamm","1","2005.12.06 7:02:00","2005.12.06 9:58:00"),("Tonhalas","1","2005.12.06 7:35:00","2005.12.06 10:27:00"),("Kívánság","1","2005.12.06 8:15:00","2005.12.06 9:17:00"),("Szardíniás","1","2005.12.06 9:03:00","2005.12.06 11:03:00"),("Csabesz","3","2005.12.06 9:09:00","2005.12.06 10:48:00"),("Góré","1","2005.12.06 9:19:00","2005.12.06 10:13:00"),("Tüzes halál","2","2005.12.06 9:57:00","2005.12.06 10:23:00"),("Spanyol","3","2005.12.06 10:18:00","2005.12.06 12:01:00"),("Hamm","1","2005.12.06 10:51:00","2005.12.06 11:48:00"),("Erdő kapitánya","1","2005.12.06 10:52:00","2005.12.06 13:03:00"),("Nikó","1","2005.12.06 11:19:00","2005.12.06 12:49:00"),("Mexikói","1","2005.12.06 11:53:00","2005.12.06 13:37:00"),("Excellent","1","2005.12.06 12:37:00","2005.12.06 15:16:00"),("Pacalos","1","2005.12.06 12:47:00","2005.12.06 15:40:00"),("Gino","3","2005.12.06 13:16:00","2005.12.06 14:01:00"),("Babos","1","2005.12.06 13:57:00","2005.12.06 16:30:00"),("Szerzetes","1","2005.12.06 14:21:00","2005.12.06 15:49:00"),("Country","1","2005.12.06 14:44:00","2005.12.06 17:04:00"),("Góré","2","2005.12.06 15:31:00","2005.12.06 16:19:00"),("Ilike","1","2005.12.06 16:22:00","2005.12.06 17:44:00"),("Rettenetes magyar","2","2005.12.06 17:12:00","2005.12.06 19:31:00"),("Nikó","1","2005.12.06 17:54:00","2005.12.06 18:26:00"),("Excellent","1","2005.12.06 18:33:00","2005.12.06 20:28:00"),("Pástétomos","2","2005.12.06 18:40:00","2005.12.06 19:23:00"),("Gino","1","2005.12.06 19:29:00","2005.12.06 21:26:00"),("Magyaros","1","2005.12.06 20:08:00","2005.12.06 21:23:00"),("Son-go-ku","1","2005.12.06 20:17:00","2005.12.06 21:51:00"),("Szőke kapitány","1","2005.12.06 20:46:00","2005.12.06 22:15:00"),("Country","1","2005.12.06 21:09:00","2005.12.06 22:16:00"),("Magvas","3","2005.12.06 21:33:00","2005.12.06 23:42:00"),("Szerzetes","1","2005.12.06 22:00:00","2005.12.07 0:44:00"),("Mexikói","1","2005.12.06 22:03:00","2005.12.06 23:55:00"),("Király pizza","1","2005.12.06 22:53:00","2005.12.06 23:35:00"),("Góré","1","2005.12.06 23:30:00","2005.12.07 2:08:00"),("Füstös","1","2005.12.06 23:44:00","2005.12.07 1:19:00"),("Szerzetes","1","2005.12.07 0:16:00","2005.12.07 1:30:00"),("Kolbászos","1","2005.12.07 1:11:00","2005.12.07 2:19:00"),("HamAndEggs","1","2005.12.07 1:19:00","2005.12.07 4:00:00"),("Erdő kapitánya","2","2005.12.07 1:52:00","2005.12.07 4:53:00"),("Pipis","2","2005.12.07 2:38:00","2005.12.07 3:27:00"),("Pásztor","1","2005.12.07 3:20:00","2005.12.07 5:47:00"),("Pásztor","1","2005.12.07 4:00:00","2005.12.07 4:58:00"),("Füstös","1","2005.12.07 4:32:00","2005.12.07 7:08:00"),("Kagylós","1","2005.12.07 4:46:00","2005.12.07 5:13:00"),("Vega","2","2005.12.07 4:48:00","2005.12.07 7:48:00"),("Barbecue chicken","1","2005.12.07 5:23:00","2005.12.07 6:23:00"),("Quattro","1","2005.12.07 5:37:00","2005.12.07 8:50:00"),("Spencer","2","2005.12.07 6:09:00","2005.12.07 6:36:00"),("Hawaii","2","2005.12.07 6:10:00","2005.12.07 7:01:00"),("Szőke kapitány","1","2005.12.07 6:19:00","2005.12.07 6:57:00"),("Gyros pizza","1","2005.12.07 7:05:00","2005.12.07 7:54:00"),("Gombás","1","2005.12.07 7:47:00","2005.12.07 9:31:00"),("Gombás","1","2005.12.07 8:42:00","2005.12.07 9:09:00"),("Ráki","2","2005.12.07 8:45:00","2005.12.07 11:16:00"),("Hercegnő","1","2005.12.07 9:02:00","2005.12.07 10:14:00"),("Hercegnő","1","2005.12.07 9:04:00","2005.12.07 11:45:00"),("Csupa sajt","1","2005.12.07 9:34:00","2005.12.07 11:36:00"),("Törperős","1","2005.12.07 9:34:00","2005.12.07 11:24:00"),("Mixi","1","2005.12.07 10:31:00","2005.12.07 11:37:00"),("Gino","1","2005.12.07 11:20:00","2005.12.07 12:37:00"),("Magvas","1","2005.12.07 11:46:00","2005.12.07 13:12:00"),("Csabesz","1","2005.12.07 12:21:00","2005.12.07 15:04:00"),("Kolbászos","1","2005.12.07 13:15:00","2005.12.07 14:57:00"),("Vega","1","2005.12.07 13:22:00","2005.12.07 16:19:00"),("Góré","2","2005.12.07 13:22:00","2005.12.07 16:12:00"),("Quattro","1","2005.12.07 14:11:00","2005.12.07 17:06:00"),("Gombás","1","2005.12.07 15:01:00","2005.12.07 18:09:00"),("Spanyol","1","2005.12.07 15:14:00","2005.12.07 17:00:00"),("Hellas","1","2005.12.07 15:28:00","2005.12.07 16:44:00"),("HamAndEggs","1","2005.12.07 16:00:00","2005.12.07 18:28:00"),("Nyuszó-Muszó","1","2005.12.07 16:15:00","2005.12.07 16:53:00"),("Mixi","2","2005.12.07 16:49:00","2005.12.07 18:29:00"),("Főnök kedvence","1","2005.12.07 16:54:00","2005.12.07 18:32:00"),("Hamm","3","2005.12.07 17:05:00","2005.12.07 20:18:00"),("Spencer","1","2005.12.07 17:16:00","2005.12.07 20:25:00"),("Magyaros","1","2005.12.07 17:56:00","2005.12.07 20:53:00"),("Ínyenc","1","2005.12.07 18:38:00","2005.12.07 20:37:00"),("Ráki","1","2005.12.07 19:31:00","2005.12.07 19:55:00"),("Kagylós","1","2005.12.07 20:00:00","2005.12.07 23:05:00"),("Nyuszó-Muszó","2","2005.12.07 20:09:00","2005.12.07 22:51:00"),("Erdő kapitánya","3","2005.12.07 21:06:00","2005.12.08 0:00:00"),("Nordic","1","2005.12.07 21:47:00","2005.12.07 22:30:00"),("Hercegnő","1","2005.12.07 22:45:00","2005.12.07 23:23:00"),("Hercegnő","1","2005.12.07 22:54:00","2005.12.08 1:52:00"),("Gino","3","2005.12.07 23:20:00","2005.12.08 0:20:00"),("Kagylós","1","2005.12.07 23:24:00","2005.12.08 1:23:00"),("Ilike","1","2005.12.07 23:47:00","2005.12.08 1:48:00"),("Lecsó","1","2005.12.07 23:59:00","2005.12.08 2:15:00"),("Tündi kedvence","1","2005.12.08 0:20:00","2005.12.08 1:30:00"),("Gino","1","2005.12.08 0:37:00","2005.12.08 2:01:00"),("Nyuszó-Muszó","1","2005.12.08 0:52:00","2005.12.08 1:51:00"),("Mamma fia","1","2005.12.08 1:03:00","2005.12.08 2:43:00"),("Maffiózó","1","2005.12.08 1:14:00","2005.12.08 2:08:00"),("Pipis","1","2005.12.08 1:52:00","2005.12.08 2:24:00"),("Hawaii","1","2005.12.08 2:20:00","2005.12.08 4:04:00"),("Király pizza","1","2005.12.08 3:10:00","2005.12.08 6:00:00"),("Juhtúrós","3","2005.12.08 4:06:00","2005.12.08 4:44:00"),("Babos","1","2005.12.08 4:28:00","2005.12.08 5:37:00"),("Áfonyás","1","2005.12.08 4:36:00","2005.12.08 7:10:00"),("Hamm","1","2005.12.08 5:03:00","2005.12.08 6:11:00"),("Máj Fair Lady","2","2005.12.08 5:12:00","2005.12.08 5:48:00"),("Magvas","2","2005.12.08 5:17:00","2005.12.08 7:09:00"),("Caribi","1","2005.12.08 5:30:00","2005.12.08 7:20:00"),("Gino","3","2005.12.08 6:04:00","2005.12.08 7:23:00"),("Mixi","1","2005.12.08 6:10:00","2005.12.08 9:05:00"),("Tonhalas","3","2005.12.08 6:13:00","2005.12.08 7:46:00"),("Röfi","1","2005.12.08 6:49:00","2005.12.08 7:27:00"),("Erdő kapitánya","1","2005.12.08 7:20:00","2005.12.08 9:15:00"),("Füstös","2","2005.12.08 7:41:00","2005.12.08 9:24:00"),("Ínyenc","1","2005.12.08 8:34:00","2005.12.08 10:53:00"),("Főnök kedvence","1","2005.12.08 9:00:00","2005.12.08 11:43:00"),("Mamma fia","1","2005.12.08 9:10:00","2005.12.08 10:00:00"),("Spanyol","1","2005.12.08 9:20:00","2005.12.08 12:04:00"),("Lagúna","1","2005.12.08 9:26:00","2005.12.08 10:16:00"),("Szardíniás","3","2005.12.08 10:22:00","2005.12.08 11:06:00"),("Gyros pizza","2","2005.12.08 10:23:00","2005.12.08 12:30:00"),("Erdő kapitánya","1","2005.12.08 11:15:00","2005.12.08 12:35:00"),("Gino","1","2005.12.08 11:31:00","2005.12.08 13:57:00"),("Mixi","1","2005.12.08 12:07:00","2005.12.08 14:32:00"),("Jázmin álma","3","2005.12.08 12:32:00","2005.12.08 14:50:00"),("Törperős","1","2005.12.08 12:38:00","2005.12.08 15:21:00"),("Spanyol","2","2005.12.08 13:26:00","2005.12.08 15:22:00"),("Gombás","1","2005.12.08 13:49:00","2005.12.08 14:55:00"),("Juhtúrós","1","2005.12.08 14:15:00","2005.12.08 15:45:00"),("Szardíniás","1","2005.12.08 14:19:00","2005.12.08 16:45:00"),("Szardíniás","2","2005.12.08 14:37:00","2005.12.08 16:05:00"),("Hercegnő","1","2005.12.08 15:13:00","2005.12.08 18:15:00"),("Tündi kedvence","1","2005.12.08 16:09:00","2005.12.08 18:42:00"),("Francia","1","2005.12.08 17:01:00","2005.12.08 18:15:00"),("Sajtos","3","2005.12.08 17:24:00","2005.12.08 19:50:00"),("Popey","2","2005.12.08 17:58:00","2005.12.08 19:55:00"),("Hawaii","2","2005.12.08 18:33:00","2005.12.08 21:23:00"),("Kolbászos","3","2005.12.08 18:39:00","2005.12.08 20:57:00"),("Máj Fair Lady","1","2005.12.08 19:06:00","2005.12.08 20:10:00"),("Lagúna","1","2005.12.08 19:22:00","2005.12.08 21:14:00"),("Gombás","1","2005.12.08 20:10:00","2005.12.08 23:07:00"),("Pástétomos","1","2005.12.08 20:13:00","2005.12.08 22:08:00"),("Szardíniás","1","2005.12.08 20:13:00","2005.12.08 20:58:00"),("So-ku","1","2005.12.08 20:35:00","2005.12.08 21:38:00"),("Áfonyás","2","2005.12.08 21:23:00","2005.12.09 0:26:00"),("Csupa sajt","1","2005.12.08 21:48:00","2005.12.08 23:48:00"),("Kolbászos","1","2005.12.08 22:13:00","2005.12.08 22:38:00"),("Vega","1","2005.12.08 22:17:00","2005.12.08 23:05:00"),("Hawaii","1","2005.12.08 22:44:00","2005.12.09 0:00:00"),("Kagylós","3","2005.12.08 23:36:00","2005.12.09 1:41:00"),("Barbecue chicken","1","2005.12.08 23:42:00","2005.12.09 1:36:00"),("Nyuszó-Muszó","1","2005.12.09 0:10:00","2005.12.09 1:54:00"),("Caribi","1","2005.12.09 1:04:00","2005.12.09 1:59:00"),("Góré","1","2005.12.09 1:53:00","2005.12.09 2:52:00"),("Tündi kedvence","1","2005.12.09 2:48:00","2005.12.09 4:19:00"),("Babos","2","2005.12.09 2:52:00","2005.12.09 4:23:00"),("Sajtos","1","2005.12.09 3:42:00","2005.12.09 4:24:00"),("Szerzetes","1","2005.12.09 4:24:00","2005.12.09 6:45:00"),("Kagylós","1","2005.12.09 5:14:00","2005.12.09 6:52:00"),("Pástétomos","3","2005.12.09 5:18:00","2005.12.09 6:49:00"),("Vega","1","2005.12.09 5:37:00","2005.12.09 7:38:00"),("Ínyenc","1","2005.12.09 6:20:00","2005.12.09 7:27:00"),("Mexikói","3","2005.12.09 6:42:00","2005.12.09 9:21:00"),("Betyáros","1","2005.12.09 7:19:00","2005.12.09 8:15:00"),("Nordic","2","2005.12.09 8:04:00","2005.12.09 10:54:00"),("Áfonyás","2","2005.12.09 8:07:00","2005.12.09 11:02:00"),("Pacalos","1","2005.12.09 8:54:00","2005.12.09 9:30:00"),("Mamma fia","1","2005.12.09 9:00:00","2005.12.09 11:06:00"),("Pásztor","1","2005.12.09 9:52:00","2005.12.09 10:21:00"),("Király pizza","1","2005.12.09 9:52:00","2005.12.09 10:50:00"),("Nyuszó-Muszó","1","2005.12.09 10:08:00","2005.12.09 12:23:00"),("Főnök kedvence","1","2005.12.09 10:58:00","2005.12.09 12:16:00"),("So-ku","1","2005.12.09 11:04:00","2005.12.09 11:46:00"),("HamAndEggs","1","2005.12.09 11:39:00","2005.12.09 13:47:00"),("Caribi","1","2005.12.09 11:54:00","2005.12.09 14:16:00"),("Nyuszó-Muszó","1","2005.12.09 12:30:00","2005.12.09 14:52:00"),("Ráki","1","2005.12.09 13:06:00","2005.12.09 16:12:00"),("Jázmin álma","1","2005.12.09 13:25:00","2005.12.09 13:59:00"),("Son-go-ku","1","2005.12.09 14:13:00","2005.12.09 16:09:00"),("Kagylós","1","2005.12.09 14:45:00","2005.12.09 17:13:00"),("Caribi","3","2005.12.09 14:56:00","2005.12.09 15:40:00"),("Nyuszó-Muszó","1","2005.12.09 15:20:00","2005.12.09 17:58:00"),("Nordic","1","2005.12.09 16:09:00","2005.12.09 18:04:00"),("Kétszínű","1","2005.12.09 16:27:00","2005.12.09 17:09:00"),("Sajtos","2","2005.12.09 16:55:00","2005.12.09 18:06:00"),("Füstös","2","2005.12.09 17:27:00","2005.12.09 19:24:00"),("Kiadós","1","2005.12.09 18:12:00","2005.12.09 20:02:00"),("Barbecue chicken","1","2005.12.09 18:34:00","2005.12.09 20:34:00"),("Barbecue chicken","1","2005.12.09 19:12:00","2005.12.09 20:56:00"),("Ilike","1","2005.12.09 19:20:00","2005.12.09 20:32:00"),("Erdő kapitánya","1","2005.12.09 19:59:00","2005.12.09 23:04:00"),("Kétszínű","1","2005.12.09 20:28:00","2005.12.09 22:25:00"),("Tonhalas","3","2005.12.09 21:07:00","2005.12.09 22:20:00"),("Mexikói","1","2005.12.09 21:35:00","2005.12.09 23:32:00"),("Kagylós","2","2005.12.09 21:44:00","2005.12.10 0:26:00"),("Excellent","1","2005.12.09 21:58:00","2005.12.09 22:23:00"),("Tündi kedvence","1","2005.12.09 22:30:00","2005.12.10 0:13:00"),("Füstös","1","2005.12.09 23:01:00","2005.12.10 2:11:00"),("Gombás","1","2005.12.09 23:03:00","2005.12.09 23:58:00"),("Excellent","2","2005.12.09 23:52:00","2005.12.10 3:03:00"),("Hellas","1","2005.12.10 0:11:00","2005.12.10 0:53:00"),("Jobbágy","1","2005.12.10 0:47:00","2005.12.10 1:57:00"),("So-ku","1","2005.12.10 1:21:00","2005.12.10 2:14:00"),("Mamma fia","1","2005.12.10 2:03:00","2005.12.10 4:01:00"),("Jázmin álma","1","2005.12.10 2:08:00","2005.12.10 4:12:00"),("Tenger gyümölcsei","1","2005.12.10 2:34:00","2005.12.10 3:37:00"),("Sonkás","1","2005.12.10 2:57:00","2005.12.10 4:59:00"),("Zöldike","1","2005.12.10 3:28:00","2005.12.10 5:44:00"),("Erős János","1","2005.12.10 3:51:00","2005.12.10 4:25:00"),("Mamma fia","2","2005.12.10 4:45:00","2005.12.10 7:06:00"),("Caribi","1","2005.12.10 5:42:00","2005.12.10 8:54:00"),("Tonhalas","3","2005.12.10 6:08:00","2005.12.10 9:13:00"),("Pástétomos","1","2005.12.10 6:31:00","2005.12.10 8:33:00"),("HamAndEggs","2","2005.12.10 6:47:00","2005.12.10 7:25:00"),("Son-go-ku","1","2005.12.10 7:03:00","2005.12.10 7:46:00"),("Gyros pizza","1","2005.12.10 7:30:00","2005.12.10 8:50:00"),("Kagylós","1","2005.12.10 8:25:00","2005.12.10 10:08:00"),("Quattro","1","2005.12.10 9:19:00","2005.12.10 10:11:00"),("Pásztor","1","2005.12.10 9:45:00","2005.12.10 12:15:00"),("Tonhalas","1","2005.12.10 9:49:00","2005.12.10 12:31:00"),("Röfi","1","2005.12.10 9:56:00","2005.12.10 12:13:00"),("Ilike","1","2005.12.10 10:32:00","2005.12.10 11:09:00"),("Jobbágy","1","2005.12.10 11:19:00","2005.12.10 13:15:00"),("Szerzetes","1","2005.12.10 11:44:00","2005.12.10 12:23:00"),("Rettenetes magyar","1","2005.12.10 12:08:00","2005.12.10 14:24:00"),("Tündi kedvence","1","2005.12.10 12:21:00","2005.12.10 13:32:00"),("Kagylós","1","2005.12.10 12:42:00","2005.12.10 15:31:00"),("Hercegnő","1","2005.12.10 13:33:00","2005.12.10 13:59:00"),("Kétszínű","2","2005.12.10 14:15:00","2005.12.10 15:38:00"),("Nordic","1","2005.12.10 15:02:00","2005.12.10 16:01:00"),("Király pizza","3","2005.12.10 15:42:00","2005.12.10 17:03:00"),("Gombás","2","2005.12.10 16:07:00","2005.12.10 19:15:00"),("Főnök kedvence","1","2005.12.10 16:17:00","2005.12.10 18:24:00"),("Magvas","1","2005.12.10 17:07:00","2005.12.10 19:45:00"),("Pacalos","1","2005.12.10 17:30:00","2005.12.10 18:00:00"),("Lecsó","1","2005.12.10 17:32:00","2005.12.10 18:44:00"),("Zöldike","1","2005.12.10 17:47:00","2005.12.10 19:11:00"),("Son-go-ku","1","2005.12.10 18:06:00","2005.12.10 21:04:00"),("Pipis","1","2005.12.10 18:53:00","2005.12.10 19:14:00"),("Gombás","1","2005.12.10 19:28:00","2005.12.10 21:27:00"),("Lecsó","3","2005.12.10 19:58:00","2005.12.10 21:31:00"),("Rettenetes magyar","3","2005.12.10 20:37:00","2005.12.10 21:48:00"),("Maffiózó","1","2005.12.10 20:38:00","2005.12.10 23:37:00"),("Spencer","1","2005.12.10 21:12:00","2005.12.10 23:55:00"),("Kívánság","1","2005.12.10 21:34:00","2005.12.10 23:28:00"),("Király pizza","3","2005.12.10 22:23:00","2005.12.11 0:55:00"),("Rettenetes magyar","1","2005.12.10 22:49:00","2005.12.11 0:55:00"),("Tüzes halál","1","2005.12.10 22:53:00","2005.12.11 0:51:00"),("HamAndEggs","1","2005.12.10 23:15:00","2005.12.11 0:57:00"),("Góré","1","2005.12.10 23:16:00","2005.12.11 1:41:00"),("Lagúna","1","2005.12.10 23:28:00","2005.12.11 1:46:00"),("Király pizza","1","2005.12.11 0:22:00","2005.12.11 0:55:00"),("Zöldike","1","2005.12.11 0:27:00","2005.12.11 2:17:00"),("Magvas","1","2005.12.11 0:31:00","2005.12.11 3:41:00"),("Vega","1","2005.12.11 0:56:00","2005.12.11 3:25:00"),("Nordic","1","2005.12.11 1:05:00","2005.12.11 4:16:00"),("Füstös","3","2005.12.11 1:41:00","2005.12.11 2:41:00"),("Pipis","1","2005.12.11 1:53:00","2005.12.11 4:01:00"),("Csupa sajt","1","2005.12.11 2:37:00","2005.12.11 4:02:00"),("Mamma fia","3","2005.12.11 2:45:00","2005.12.11 3:07:00"),("Lecsó","1","2005.12.11 3:14:00","2005.12.11 4:12:00"),("HamAndEggs","1","2005.12.11 4:00:00","2005.12.11 5:33:00"),("Füstös","2","2005.12.11 4:09:00","2005.12.11 4:55:00"),("Áfonyás","1","2005.12.11 4:59:00","2005.12.11 6:11:00"),("Betyáros","1","2005.12.11 5:03:00","2005.12.11 6:53:00"),("Caribi","3","2005.12.11 6:00:00","2005.12.11 6:45:00"),("Mixi","3","2005.12.11 6:08:00","2005.12.11 7:29:00"),("Sajtos","3","2005.12.11 7:01:00","2005.12.11 8:01:00"),("Főnök kedvence","1","2005.12.11 7:53:00","2005.12.11 9:53:00"),("Magyaros","1","2005.12.11 8:32:00","2005.12.11 11:43:00"),("Sajtos","1","2005.12.11 9:21:00","2005.12.11 11:24:00"),("Röfi","1","2005.12.11 10:18:00","2005.12.11 13:06:00"),("Betyáros","1","2005.12.11 10:44:00","2005.12.11 13:18:00"),("Kagylós","2","2005.12.11 11:21:00","2005.12.11 11:56:00"),("Caribi","1","2005.12.11 11:53:00","2005.12.11 12:36:00"),("Jázmin álma","2","2005.12.11 12:20:00","2005.12.11 13:28:00"),("Szardíniás","1","2005.12.11 13:00:00","2005.12.11 13:27:00"),("Szerzetes","1","2005.12.11 13:54:00","2005.12.11 16:44:00"),("Áfonyás","3","2005.12.11 14:49:00","2005.12.11 16:10:00"),("Lecsó","1","2005.12.11 15:13:00","2005.12.11 15:51:00"),("Erdő kapitánya","1","2005.12.11 15:57:00","2005.12.11 17:16:00"),("Szőke kapitány","3","2005.12.11 16:23:00","2005.12.11 18:29:00"),("Főnök kedvence","1","2005.12.11 16:40:00","2005.12.11 17:35:00"),("Zöldike","1","2005.12.11 17:28:00","2005.12.11 17:53:00"),("Son-go-ku","1","2005.12.11 17:52:00","2005.12.11 18:15:00"),("Juhtúrós","1","2005.12.11 18:23:00","2005.12.11 19:55:00"),("Ínyenc","1","2005.12.11 18:36:00","2005.12.11 20:34:00"),("Nyuszó-Muszó","1","2005.12.11 18:52:00","2005.12.11 20:07:00"),("Ráki","1","2005.12.11 19:36:00","2005.12.11 21:12:00"),("Son-go-ku","1","2005.12.11 20:15:00","2005.12.11 21:15:00"),("Magyaros","1","2005.12.11 20:42:00","2005.12.11 21:14:00"),("Hellas","3","2005.12.11 20:46:00","2005.12.11 22:02:00"),("Röfi","1","2005.12.11 21:04:00","2005.12.11 23:37:00"),("Gino","1","2005.12.11 21:05:00","2005.12.12 0:00:00"),("Szerzetes","1","2005.12.11 21:35:00","2005.12.11 23:33:00"),("Röfi","1","2005.12.11 21:41:00","2005.12.12 0:27:00"),("Zöldike","1","2005.12.11 22:01:00","2005.12.11 23:32:00"),("Máj Fair Lady","1","2005.12.11 22:43:00","2005.12.12 0:03:00"),("Góré","1","2005.12.11 23:02:00","2005.12.12 1:00:00"),("Spencer","2","2005.12.11 23:39:00","2005.12.12 0:17:00"),("Kagylós","1","2005.12.12 0:17:00","2005.12.12 1:56:00"),("Csabesz","1","2005.12.12 0:19:00","2005.12.12 2:00:00"),("Sajtos","3","2005.12.12 1:09:00","2005.12.12 1:33:00"),("Törperős","1","2005.12.12 1:20:00","2005.12.12 4:29:00"),("Francia","1","2005.12.12 1:53:00","2005.12.12 3:56:00"),("Szőke kapitány","1","2005.12.12 2:50:00","2005.12.12 4:36:00"),("Pástétomos","3","2005.12.12 3:12:00","2005.12.12 4:19:00"),("Kívánság","1","2005.12.12 3:53:00","2005.12.12 5:34:00"),("Gyros pizza","1","2005.12.12 4:06:00","2005.12.12 6:44:00"),("Csabesz","3","2005.12.12 4:23:00","2005.12.12 7:09:00"),("Gino","1","2005.12.12 5:05:00","2005.12.12 7:51:00"),("Szőke kapitány","2","2005.12.12 5:19:00","2005.12.12 8:11:00"),("Ráki","1","2005.12.12 5:20:00","2005.12.12 7:23:00"),("Szardíniás","2","2005.12.12 5:32:00","2005.12.12 6:47:00"),("Gombás","1","2005.12.12 5:48:00","2005.12.12 6:49:00"),("Röfi","1","2005.12.12 6:26:00","2005.12.12 6:47:00"),("Kolbászos","2","2005.12.12 6:27:00","2005.12.12 6:49:00"),("Kívánság","1","2005.12.12 7:12:00","2005.12.12 9:29:00"),("Szőke kapitány","1","2005.12.12 7:52:00","2005.12.12 9:43:00"),("Magyaros","3","2005.12.12 8:43:00","2005.12.12 11:09:00"),("Lagúna","1","2005.12.12 9:06:00","2005.12.12 12:13:00"),("Babos","3","2005.12.12 9:14:00","2005.12.12 10:25:00"),("Görög","1","2005.12.12 9:49:00","2005.12.12 10:20:00"),("Jázmin álma","1","2005.12.12 10:39:00","2005.12.12 13:34:00"),("So-ku","2","2005.12.12 11:28:00","2005.12.12 12:46:00"),("Excellent","1","2005.12.12 11:58:00","2005.12.12 14:34:00"),("Nikó","1","2005.12.12 12:09:00","2005.12.12 13:20:00"),("Francia","1","2005.12.12 13:00:00","2005.12.12 16:01:00"),("Rettenetes magyar","1","2005.12.12 13:21:00","2005.12.12 15:03:00"),("Tonhalas","1","2005.12.12 13:46:00","2005.12.12 15:41:00"),("Szalámis","1","2005.12.12 13:58:00","2005.12.12 15:53:00"),("HamAndEggs","3","2005.12.12 14:28:00","2005.12.12 16:05:00"),("Sajtos","1","2005.12.12 14:34:00","2005.12.12 16:04:00"),("Zöldike","3","2005.12.12 15:28:00","2005.12.12 16:49:00"),("Áfonyás","1","2005.12.12 16:15:00","2005.12.12 18:33:00"),("Görög","1","2005.12.12 16:15:00","2005.12.12 19:21:00"),("Barbecue chicken","3","2005.12.12 16:41:00","2005.12.12 19:18:00"),("Popey","3","2005.12.12 17:03:00","2005.12.12 18:06:00"),("Áfonyás","1","2005.12.12 17:17:00","2005.12.12 18:37:00"),("Barbecue chicken","1","2005.12.12 18:02:00","2005.12.12 19:11:00"),("Jázmin álma","1","2005.12.12 18:16:00","2005.12.12 19:05:00"),("Country","1","2005.12.12 18:28:00","2005.12.12 19:46:00"),("Görög","3","2005.12.12 18:38:00","2005.12.12 20:59:00"),("Juhtúrós","1","2005.12.12 19:25:00","2005.12.12 20:36:00"),("Son-go-ku","1","2005.12.12 20:09:00","2005.12.12 22:07:00"),("Tenger gyümölcsei","1","2005.12.12 20:25:00","2005.12.12 21:14:00"),("Caribi","1","2005.12.12 20:43:00","2005.12.12 23:01:00"),("Lecsó","1","2005.12.12 21:00:00","2005.12.12 23:53:00"),("Kiadós","1","2005.12.12 21:11:00","2005.12.12 22:07:00"),("So-ku","1","2005.12.12 21:31:00","2005.12.12 23:52:00"),("Hellas","1","2005.12.12 22:09:00","2005.12.12 23:16:00"),("Pacalos","1","2005.12.12 22:34:00","2005.12.12 23:26:00"),("Ilike","1","2005.12.12 23:21:00","2005.12.13 1:52:00"),("Barbecue chicken","1","2005.12.12 23:27:00","2005.12.13 1:57:00"),("Pacalos","1","2005.12.13 0:18:00","2005.12.13 1:57:00"),("Pipis","3","2005.12.13 0:29:00","2005.12.13 2:34:00"),("Tüzes halál","1","2005.12.13 1:14:00","2005.12.13 3:32:00"),("Tonhalas","1","2005.12.13 2:01:00","2005.12.13 3:48:00"),("Szalámis","1","2005.12.13 2:51:00","2005.12.13 3:27:00"),("Kagylós","1","2005.12.13 3:10:00","2005.12.13 3:46:00"),("Király pizza","2","2005.12.13 3:46:00","2005.12.13 6:42:00"),("Spanyol","3","2005.12.13 4:01:00","2005.12.13 4:35:00"),("Kagylós","1","2005.12.13 4:26:00","2005.12.13 6:53:00"),("Szardíniás","1","2005.12.13 4:52:00","2005.12.13 6:08:00"),("Country","1","2005.12.13 5:41:00","2005.12.13 6:09:00"),("Ilike","1","2005.12.13 5:50:00","2005.12.13 8:40:00"),("Barbecue chicken","1","2005.12.13 6:41:00","2005.12.13 7:38:00"),("Rettenetes magyar","1","2005.12.13 6:54:00","2005.12.13 7:54:00"),("Quattro","1","2005.12.13 7:43:00","2005.12.13 9:25:00"),("Spencer","1","2005.12.13 8:19:00","2005.12.13 9:32:00"),("Betyáros","1","2005.12.13 8:21:00","2005.12.13 10:23:00"),("HamAndEggs","1","2005.12.13 9:00:00","2005.12.13 11:30:00"),("Görög","1","2005.12.13 9:03:00","2005.12.13 10:06:00"),("Sonkás","3","2005.12.13 9:19:00","2005.12.13 11:22:00"),("Mamma fia","1","2005.12.13 10:10:00","2005.12.13 10:52:00"),("Francia","1","2005.12.13 10:51:00","2005.12.13 12:45:00"),("Mexikói","1","2005.12.13 10:55:00","2005.12.13 13:02:00"),("Hawaii","2","2005.12.13 11:22:00","2005.12.13 13:16:00"),("Lagúna","3","2005.12.13 12:13:00","2005.12.13 15:16:00"),("Pásztor","1","2005.12.13 12:29:00","2005.12.13 15:40:00"),("Csabesz","3","2005.12.13 13:26:00","2005.12.13 14:03:00"),("Kétszínű","1","2005.12.13 14:17:00","2005.12.13 16:42:00"),("Babos","1","2005.12.13 14:59:00","2005.12.13 17:41:00"),("Magyaros","1","2005.12.13 15:40:00","2005.12.13 17:49:00"),("Jázmin álma","1","2005.12.13 15:47:00","2005.12.13 16:11:00"),("Quattro","1","2005.12.13 16:40:00","2005.12.13 18:19:00"),("Kagylós","1","2005.12.13 17:08:00","2005.12.13 19:06:00"),("Mixi","1","2005.12.13 17:45:00","2005.12.13 19:34:00"),("Jázmin álma","1","2005.12.13 18:09:00","2005.12.13 20:10:00"),("Gyros pizza","1","2005.12.13 18:43:00","2005.12.13 19:22:00"),("Zöldike","2","2005.12.13 18:59:00","2005.12.13 20:00:00"),("Spanyol","1","2005.12.13 19:43:00","2005.12.13 21:43:00"),("Pacalos","1","2005.12.13 19:56:00","2005.12.13 22:11:00"),("Nordic","1","2005.12.13 20:44:00","2005.12.13 21:25:00"),("Füstös","1","2005.12.13 21:36:00","2005.12.13 21:59:00"),("Son-go-ku","1","2005.12.13 21:43:00","2005.12.13 22:14:00"),("Hawaii","1","2005.12.13 22:27:00","2005.12.13 23:57:00"),("Ilike","1","2005.12.13 22:42:00","2005.12.14 0:35:00"),("Barbecue chicken","1","2005.12.13 22:48:00","2005.12.14 0:58:00"),("Pástétomos","1","2005.12.13 22:57:00","2005.12.14 0:17:00"),("Erős János","1","2005.12.13 23:41:00","2005.12.14 2:01:00"),("Kagylós","1","2005.12.14 0:32:00","2005.12.14 1:04:00"),("Gombás","1","2005.12.14 1:01:00","2005.12.14 1:45:00"),("Vega","1","2005.12.14 1:39:00","2005.12.14 3:00:00"),("Sonkás","1","2005.12.14 1:50:00","2005.12.14 3:32:00"),("Erdő kapitánya","1","2005.12.14 2:33:00","2005.12.14 3:12:00"),("Lagúna","1","2005.12.14 2:58:00","2005.12.14 4:20:00"),("Rettenetes magyar","1","2005.12.14 3:11:00","2005.12.14 4:06:00"),("Görög","1","2005.12.14 3:44:00","2005.12.14 4:58:00"),("Country","1","2005.12.14 3:45:00","2005.12.14 5:48:00"),("Excellent","1","2005.12.14 4:07:00","2005.12.14 6:49:00"),("Kívánság","1","2005.12.14 4:19:00","2005.12.14 5:49:00"),("Lagúna","3","2005.12.14 4:55:00","2005.12.14 6:25:00"),("Popey","1","2005.12.14 5:37:00","2005.12.14 6:03:00"),("Barbecue chicken","1","2005.12.14 6:26:00","2005.12.14 9:34:00"),("Király pizza","1","2005.12.14 7:00:00","2005.12.14 10:13:00"),("Kétszínű","1","2005.12.14 7:29:00","2005.12.14 10:09:00"),("Magyaros","2","2005.12.14 7:55:00","2005.12.14 9:31:00"),("Csabesz","1","2005.12.14 8:27:00","2005.12.14 9:58:00"),("Pacalos","1","2005.12.14 8:59:00","2005.12.14 10:34:00"),("Góré","1","2005.12.14 9:11:00","2005.12.14 10:52:00"),("Sonkás","1","2005.12.14 9:13:00","2005.12.14 12:15:00"),("Sajtos","1","2005.12.14 9:47:00","2005.12.14 10:49:00"),("Jobbágy","2","2005.12.14 10:05:00","2005.12.14 12:29:00"),("Erdő kapitánya","3","2005.12.14 10:36:00","2005.12.14 11:32:00"),("Gyros pizza","1","2005.12.14 11:13:00","2005.12.14 14:13:00"),("Country","3","2005.12.14 11:55:00","2005.12.14 14:43:00"),("Tüzes halál","1","2005.12.14 12:22:00","2005.12.14 15:28:00"),("So-ku","3","2005.12.14 13:15:00","2005.12.14 13:57:00"),("Country","1","2005.12.14 13:36:00","2005.12.14 15:51:00"),("Hawaii","2","2005.12.14 14:00:00","2005.12.14 15:02:00"),("Frankfurti","1","2005.12.14 14:34:00","2005.12.14 17:04:00"),("Spencer","1","2005.12.14 14:58:00","2005.12.14 16:04:00"),("Magyaros","1","2005.12.14 15:51:00","2005.12.14 16:36:00"),("Röfi","2","2005.12.14 16:29:00","2005.12.14 17:16:00"),("Jázmin álma","1","2005.12.14 16:35:00","2005.12.14 18:28:00"),("Hawaii","1","2005.12.14 16:50:00","2005.12.14 19:04:00"),("Nikó","1","2005.12.14 17:38:00","2005.12.14 19:05:00"),("Erős János","1","2005.12.14 18:13:00","2005.12.14 19:48:00"),("Góré","1","2005.12.14 18:53:00","2005.12.14 21:52:00"),("Pástétomos","1","2005.12.14 19:27:00","2005.12.14 22:08:00"),("So-ku","3","2005.12.14 20:04:00","2005.12.14 21:19:00"),("Sonkás","2","2005.12.14 20:56:00","2005.12.14 22:46:00"),("Szerzetes","1","2005.12.14 21:06:00","2005.12.15 0:16:00"),("Szardíniás","2","2005.12.14 21:37:00","2005.12.14 23:57:00"),("Csupa sajt","1","2005.12.14 22:22:00","2005.12.15 0:22:00"),("Babos","1","2005.12.14 22:31:00","2005.12.15 1:01:00"),("Hawaii","2","2005.12.14 22:41:00","2005.12.14 23:03:00"),("Ilike","1","2005.12.14 22:42:00","2005.12.15 0:53:00"),("Görög","1","2005.12.14 23:28:00","2005.12.15 1:10:00"),("Zöldike","1","2005.12.15 0:21:00","2005.12.15 0:48:00"),("Mexikói","1","2005.12.15 0:35:00","2005.12.15 2:41:00"),("Hercegnő","1","2005.12.15 0:42:00","2005.12.15 1:14:00"),("Főnök kedvence","3","2005.12.15 1:36:00","2005.12.15 4:25:00"),("Görög","1","2005.12.15 2:26:00","2005.12.15 2:48:00"),("Spanyol","2","2005.12.15 3:08:00","2005.12.15 5:26:00"),("HamAndEggs","1","2005.12.15 3:34:00","2005.12.15 5:42:00"),("HamAndEggs","2","2005.12.15 4:17:00","2005.12.15 6:57:00"),("Főnök kedvence","1","2005.12.15 4:36:00","2005.12.15 6:32:00"),("Kagylós","1","2005.12.15 4:39:00","2005.12.15 5:45:00"),("Francia","2","2005.12.15 5:03:00","2005.12.15 7:45:00"),("Magyaros","1","2005.12.15 5:41:00","2005.12.15 6:06:00"),("Tonhalas","1","2005.12.15 6:30:00","2005.12.15 6:52:00"),("Pipis","2","2005.12.15 7:25:00","2005.12.15 8:20:00"),("Szalámis","1","2005.12.15 8:12:00","2005.12.15 10:00:00"),("Áfonyás","1","2005.12.15 9:04:00","2005.12.15 11:36:00"),("HamAndEggs","1","2005.12.15 9:30:00","2005.12.15 12:14:00"),("Lagúna","1","2005.12.15 9:58:00","2005.12.15 10:47:00"),("Görög","1","2005.12.15 10:04:00","2005.12.15 13:16:00"),("Király pizza","1","2005.12.15 10:31:00","2005.12.15 13:43:00"),("Tonhalas","1","2005.12.15 10:47:00","2005.12.15 11:57:00"),("Ilike","1","2005.12.15 11:09:00","2005.12.15 12:21:00"),("Zöldike","3","2005.12.15 11:37:00","2005.12.15 12:18:00"),("Tüzes halál","1","2005.12.15 11:46:00","2005.12.15 14:33:00"),("Tündi kedvence","1","2005.12.15 11:57:00","2005.12.15 14:52:00"),("Mexikói","1","2005.12.15 12:41:00","2005.12.15 15:05:00"),("Jázmin álma","1","2005.12.15 12:46:00","2005.12.15 15:06:00"),("Gombás","1","2005.12.15 13:17:00","2005.12.15 15:42:00"),("So-ku","1","2005.12.15 13:38:00","2005.12.15 16:46:00"),("Ráki","1","2005.12.15 14:16:00","2005.12.15 15:50:00"),("Hamm","1","2005.12.15 14:56:00","2005.12.15 15:34:00"),("Zöldike","1","2005.12.15 15:33:00","2005.12.15 16:11:00"),("Pipis","1","2005.12.15 16:11:00","2005.12.15 17:32:00"),("Pipis","2","2005.12.15 16:34:00","2005.12.15 19:03:00"),("Tenger gyümölcsei","1","2005.12.15 16:40:00","2005.12.15 18:58:00"),("Nyuszó-Muszó","1","2005.12.15 17:29:00","2005.12.15 18:57:00"),("HamAndEggs","1","2005.12.15 17:51:00","2005.12.15 20:43:00"),("Kívánság","2","2005.12.15 18:28:00","2005.12.15 21:33:00"),("Hamm","1","2005.12.15 18:58:00","2005.12.15 20:18:00"),("Mixi","1","2005.12.15 19:25:00","2005.12.15 21:55:00"),("Rettenetes magyar","1","2005.12.15 20:12:00","2005.12.15 22:51:00"),("HamAndEggs","1","2005.12.15 20:37:00","2005.12.15 23:34:00"),("Mamma fia","1","2005.12.15 20:53:00","2005.12.15 23:00:00"),("Popey","1","2005.12.15 21:20:00","2005.12.15 22:37:00"),("Ráki","2","2005.12.15 22:00:00","2005.12.16 0:58:00"),("Szalámis","1","2005.12.15 22:42:00","2005.12.16 1:10:00"),("Törperős","1","2005.12.15 23:05:00","2005.12.15 23:48:00"),("Gino","1","2005.12.15 23:12:00","2005.12.16 2:02:00"),("Nyuszó-Muszó","2","2005.12.15 23:49:00","2005.12.16 1:46:00"),("Szardíniás","1","2005.12.16 0:10:00","2005.12.16 0:46:00"),("Zöldike","1","2005.12.16 0:55:00","2005.12.16 3:20:00"),("Jobbágy","1","2005.12.16 1:47:00","2005.12.16 4:35:00"),("Juhtúrós","2","2005.12.16 2:17:00","2005.12.16 4:42:00"),("Máj Fair Lady","3","2005.12.16 2:29:00","2005.12.16 4:07:00"),("Pástétomos","3","2005.12.16 2:40:00","2005.12.16 5:43:00"),("Babos","2","2005.12.16 3:37:00","2005.12.16 4:05:00"),("Betyáros","1","2005.12.16 4:10:00","2005.12.16 4:52:00"),("Tündi kedvence","3","2005.12.16 4:38:00","2005.12.16 7:00:00"),("Magyaros","1","2005.12.16 4:55:00","2005.12.16 6:47:00"),("Tüzes halál","1","2005.12.16 5:53:00","2005.12.16 6:18:00"),("Király pizza","1","2005.12.16 6:02:00","2005.12.16 7:51:00"),("Máj Fair Lady","1","2005.12.16 6:37:00","2005.12.16 9:24:00"),("Caribi","3","2005.12.16 7:33:00","2005.12.16 7:56:00"),("Tüzes halál","1","2005.12.16 7:57:00","2005.12.16 8:53:00"),("Tündi kedvence","3","2005.12.16 8:05:00","2005.12.16 10:13:00"),("Popey","3","2005.12.16 9:01:00","2005.12.16 10:47:00"),("Csupa sajt","1","2005.12.16 9:28:00","2005.12.16 10:54:00"),("Pipis","2","2005.12.16 9:51:00","2005.12.16 10:46:00"),("Jázmin álma","1","2005.12.16 9:55:00","2005.12.16 11:08:00"),("Barbecue chicken","1","2005.12.16 10:49:00","2005.12.16 11:54:00"),("Mixi","3","2005.12.16 11:16:00","2005.12.16 13:57:00"),("Tündi kedvence","1","2005.12.16 12:02:00","2005.12.16 13:07:00"),("Frankfurti","1","2005.12.16 12:13:00","2005.12.16 14:47:00"),("Szardíniás","1","2005.12.16 13:06:00","2005.12.16 14:43:00"),("Nordic","1","2005.12.16 13:58:00","2005.12.16 14:23:00"),("Nikó","1","2005.12.16 14:26:00","2005.12.16 14:50:00"),("Kagylós","1","2005.12.16 14:40:00","2005.12.16 17:18:00"),("Popey","2","2005.12.16 15:01:00","2005.12.16 16:31:00"),("Lecsó","2","2005.12.16 15:36:00","2005.12.16 18:41:00"),("Áfonyás","1","2005.12.16 15:39:00","2005.12.16 18:47:00"),("Frankfurti","2","2005.12.16 16:05:00","2005.12.16 19:14:00"),("Rettenetes magyar","2","2005.12.16 16:37:00","2005.12.16 19:47:00"),("Szalámis","1","2005.12.16 16:49:00","2005.12.16 18:00:00"),("Sonkás","3","2005.12.16 17:01:00","2005.12.16 19:04:00"),("Gyros pizza","1","2005.12.16 17:51:00","2005.12.16 18:14:00"),("Nyuszó-Muszó","1","2005.12.16 18:00:00","2005.12.16 20:31:00"),("Röfi","2","2005.12.16 18:22:00","2005.12.16 19:02:00"),("Juhtúrós","3","2005.12.16 18:23:00","2005.12.16 18:44:00"),("Csupa sajt","1","2005.12.16 19:19:00","2005.12.16 20:19:00"),("Áfonyás","1","2005.12.16 19:50:00","2005.12.16 22:46:00"),("Röfi","2","2005.12.16 20:06:00","2005.12.16 22:28:00"),("Pacalos","2","2005.12.16 20:09:00","2005.12.16 21:23:00"),("Hellas","1","2005.12.16 20:14:00","2005.12.16 21:50:00"),("Betyáros","1","2005.12.16 20:14:00","2005.12.16 21:38:00"),("Gyros pizza","2","2005.12.16 20:18:00","2005.12.16 23:26:00"),("Király pizza","2","2005.12.16 20:19:00","2005.12.16 22:08:00"),("Tüzes halál","1","2005.12.16 21:11:00","2005.12.16 22:07:00"),("Sonkás","1","2005.12.16 21:43:00","2005.12.16 23:25:00"),("Gino","1","2005.12.16 21:53:00","2005.12.16 22:33:00"),("Mixi","1","2005.12.16 22:14:00","2005.12.17 1:21:00"),("Góré","1","2005.12.16 22:41:00","2005.12.17 1:07:00"),("Excellent","1","2005.12.16 22:50:00","2005.12.17 0:28:00"),("Quattro","1","2005.12.16 22:59:00","2005.12.17 1:09:00"),("Ilike","1","2005.12.16 23:26:00","2005.12.17 1:21:00"),("Caribi","3","2005.12.17 0:05:00","2005.12.17 1:15:00"),("Zöldike","1","2005.12.17 0:36:00","2005.12.17 3:36:00"),("Kagylós","1","2005.12.17 0:48:00","2005.12.17 2:09:00"),("Szerzetes","2","2005.12.17 1:21:00","2005.12.17 2:33:00"),("Frankfurti","1","2005.12.17 1:51:00","2005.12.17 2:13:00"),("Áfonyás","1","2005.12.17 2:48:00","2005.12.17 3:39:00"),("Pástétomos","3","2005.12.17 3:05:00","2005.12.17 5:45:00"),("Son-go-ku","1","2005.12.17 3:22:00","2005.12.17 4:18:00"),("Quattro","2","2005.12.17 4:15:00","2005.12.17 7:09:00"),("Kétszínű","1","2005.12.17 4:29:00","2005.12.17 5:05:00"),("Füstös","1","2005.12.17 5:22:00","2005.12.17 5:43:00"),("Excellent","1","2005.12.17 5:29:00","2005.12.17 8:37:00"),("Lagúna","1","2005.12.17 5:59:00","2005.12.17 8:35:00"),("Szerzetes","3","2005.12.17 6:53:00","2005.12.17 8:12:00"),("Áfonyás","1","2005.12.17 7:25:00","2005.12.17 9:51:00"),("Törperős","1","2005.12.17 7:57:00","2005.12.17 9:57:00"),("Főnök kedvence","2","2005.12.17 8:10:00","2005.12.17 10:48:00"),("HamAndEggs","1","2005.12.17 8:55:00","2005.12.17 11:19:00"),("Pásztor","3","2005.12.17 8:57:00","2005.12.17 11:22:00"),("Erős János","2","2005.12.17 9:47:00","2005.12.17 12:06:00"),("Ínyenc","1","2005.12.17 9:54:00","2005.12.17 12:52:00"),("Ráki","3","2005.12.17 10:44:00","2005.12.17 11:59:00"),("Máj Fair Lady","2","2005.12.17 11:26:00","2005.12.17 13:32:00"),("Mamma fia","1","2005.12.17 11:39:00","2005.12.17 14:06:00"),("Gombás","1","2005.12.17 11:57:00","2005.12.17 12:57:00"),("So-ku","1","2005.12.17 12:50:00","2005.12.17 14:42:00"),("Áfonyás","1","2005.12.17 13:00:00","2005.12.17 13:23:00"),("Pásztor","1","2005.12.17 13:25:00","2005.12.17 16:37:00"),("Rettenetes magyar","1","2005.12.17 14:03:00","2005.12.17 17:16:00"),("Popey","1","2005.12.17 14:07:00","2005.12.17 16:30:00"),("Lecsó","1","2005.12.17 14:38:00","2005.12.17 15:10:00"),("Röfi","2","2005.12.17 15:07:00","2005.12.17 15:38:00"),("Áfonyás","1","2005.12.17 15:38:00","2005.12.17 18:39:00"),("Spanyol","2","2005.12.17 16:23:00","2005.12.17 17:28:00"),("Erdő kapitánya","1","2005.12.17 17:01:00","2005.12.17 17:46:00"),("Hawaii","1","2005.12.17 17:48:00","2005.12.17 18:34:00"),("Pásztor","1","2005.12.17 18:11:00","2005.12.17 19:50:00"),("Szardíniás","2","2005.12.17 18:23:00","2005.12.17 19:21:00"),("Füstös","2","2005.12.17 19:12:00","2005.12.17 22:19:00"),("Tonhalas","2","2005.12.17 19:30:00","2005.12.17 21:48:00"),("Gino","1","2005.12.17 19:50:00","2005.12.17 22:40:00"),("Magyaros","3","2005.12.17 20:00:00","2005.12.17 21:02:00"),("Jázmin álma","1","2005.12.17 20:23:00","2005.12.17 21:04:00"),("Country","1","2005.12.17 20:56:00","2005.12.17 23:41:00"),("Erős János","1","2005.12.17 20:59:00","2005.12.17 23:53:00"),("Kagylós","1","2005.12.17 21:47:00","2005.12.17 22:32:00"),("Pástétomos","3","2005.12.17 22:33:00","2005.12.18 0:57:00"),("Szőke kapitány","1","2005.12.17 23:27:00","2005.12.18 1:57:00"),("Caribi","1","2005.12.18 0:12:00","2005.12.18 1:25:00"),("Gino","1","2005.12.18 0:44:00","2005.12.18 3:08:00"),("Pásztor","1","2005.12.18 1:19:00","2005.12.18 2:14:00"),("Gombás","2","2005.12.18 1:58:00","2005.12.18 4:07:00"),("Ilike","1","2005.12.18 2:16:00","2005.12.18 4:51:00"),("Mamma fia","1","2005.12.18 2:51:00","2005.12.18 4:34:00"),("Szalámis","2","2005.12.18 3:00:00","2005.12.18 5:51:00"),("Excellent","1","2005.12.18 3:08:00","2005.12.18 5:24:00"),("Szerzetes","1","2005.12.18 3:43:00","2005.12.18 6:13:00"),("Kétszínű","2","2005.12.18 3:55:00","2005.12.18 5:50:00"),("Hawaii","1","2005.12.18 4:50:00","2005.12.18 5:29:00"),("Gino","1","2005.12.18 5:02:00","2005.12.18 6:47:00"),("Gino","1","2005.12.18 5:45:00","2005.12.18 8:15:00"),("Jázmin álma","1","2005.12.18 6:22:00","2005.12.18 9:27:00"),("Szőke kapitány","2","2005.12.18 7:18:00","2005.12.18 8:44:00"),("Füstös","3","2005.12.18 7:40:00","2005.12.18 9:09:00"),("Szőke kapitány","3","2005.12.18 7:46:00","2005.12.18 9:39:00"),("Hawaii","1","2005.12.18 8:37:00","2005.12.18 11:17:00"),("Mamma fia","1","2005.12.18 8:45:00","2005.12.18 10:12:00"),("Kagylós","3","2005.12.18 8:48:00","2005.12.18 10:50:00"),("Nyuszó-Muszó","1","2005.12.18 9:00:00","2005.12.18 12:05:00"),("Betyáros","1","2005.12.18 9:43:00","2005.12.18 12:53:00"),("Gino","1","2005.12.18 9:52:00","2005.12.18 12:43:00"),("Sonkás","2","2005.12.18 10:37:00","2005.12.18 11:52:00"),("Jobbágy","1","2005.12.18 10:50:00","2005.12.18 12:15:00"),("Sonkás","1","2005.12.18 11:31:00","2005.12.18 12:32:00"),("Hellas","1","2005.12.18 11:59:00","2005.12.18 14:18:00"),("Babos","1","2005.12.18 12:49:00","2005.12.18 15:24:00"),("Maffiózó","1","2005.12.18 12:59:00","2005.12.18 14:58:00"),("Lagúna","1","2005.12.18 13:04:00","2005.12.18 13:55:00"),("Son-go-ku","1","2005.12.18 13:36:00","2005.12.18 15:28:00"),("Ráki","1","2005.12.18 14:28:00","2005.12.18 15:29:00"),("Tündi kedvence","1","2005.12.18 15:05:00","2005.12.18 16:27:00"),("Juhtúrós","1","2005.12.18 15:13:00","2005.12.18 17:33:00"),("Ínyenc","1","2005.12.18 15:18:00","2005.12.18 15:43:00"),("Pacalos","1","2005.12.18 15:33:00","2005.12.18 16:01:00"),("Csupa sajt","3","2005.12.18 16:12:00","2005.12.18 16:54:00"),("Kiadós","1","2005.12.18 17:05:00","2005.12.18 20:08:00"),("Spanyol","1","2005.12.18 17:34:00","2005.12.18 18:20:00"),("Szerzetes","1","2005.12.18 18:19:00","2005.12.18 18:52:00"),("Nyuszó-Muszó","3","2005.12.18 18:50:00","2005.12.18 20:34:00"),("Kétszínű","2","2005.12.18 19:18:00","2005.12.18 21:41:00"),("Jobbágy","2","2005.12.18 20:01:00","2005.12.18 20:43:00"),("Mamma fia","1","2005.12.18 20:20:00","2005.12.18 22:22:00"),("Tenger gyümölcsei","1","2005.12.18 21:17:00","2005.12.18 23:09:00"),("Szerzetes","1","2005.12.18 21:36:00","2005.12.18 23:05:00"),("Áfonyás","1","2005.12.18 22:08:00","2005.12.18 22:51:00"),("Kiadós","1","2005.12.18 22:09:00","2005.12.18 22:47:00"),("Szalámis","1","2005.12.18 22:12:00","2005.12.19 0:09:00"),("Betyáros","2","2005.12.18 23:04:00","2005.12.19 1:09:00"),("Pipis","3","2005.12.18 23:27:00","2005.12.19 1:07:00"),("Lecsó","2","2005.12.18 23:59:00","2005.12.19 1:52:00"),("Ínyenc","1","2005.12.19 0:00:00","2005.12.19 1:59:00"),("Sajtos","1","2005.12.19 0:37:00","2005.12.19 1:08:00"),("Jobbágy","1","2005.12.19 0:50:00","2005.12.19 2:59:00"),("Nyuszó-Muszó","3","2005.12.19 1:36:00","2005.12.19 4:33:00"),("Tündi kedvence","2","2005.12.19 2:02:00","2005.12.19 2:36:00"),("So-ku","1","2005.12.19 2:05:00","2005.12.19 3:48:00"),("Pipis","1","2005.12.19 2:28:00","2005.12.19 3:50:00"),("Füstös","3","2005.12.19 3:09:00","2005.12.19 3:43:00"),("Maffiózó","1","2005.12.19 4:04:00","2005.12.19 6:16:00"),("Nyuszó-Muszó","1","2005.12.19 5:01:00","2005.12.19 7:23:00"),("Pástétomos","3","2005.12.19 5:46:00","2005.12.19 8:36:00"),("Pástétomos","1","2005.12.19 5:46:00","2005.12.19 7:54:00"),("Maffiózó","2","2005.12.19 5:56:00","2005.12.19 8:37:00"),("Zöldike","1","2005.12.19 6:33:00","2005.12.19 9:02:00"),("Ilike","1","2005.12.19 7:27:00","2005.12.19 8:26:00"),("Lecsó","1","2005.12.19 8:03:00","2005.12.19 8:47:00"),("Barbecue chicken","1","2005.12.19 8:41:00","2005.12.19 11:14:00"),("Son-go-ku","1","2005.12.19 9:03:00","2005.12.19 12:11:00"),("Kolbászos","3","2005.12.19 9:28:00","2005.12.19 11:42:00"),("Caribi","1","2005.12.19 9:49:00","2005.12.19 12:13:00"),("Nyuszó-Muszó","1","2005.12.19 10:19:00","2005.12.19 12:16:00"),("Spencer","1","2005.12.19 10:55:00","2005.12.19 11:43:00"),("Csabesz","1","2005.12.19 11:40:00","2005.12.19 12:37:00"),("Jázmin álma","3","2005.12.19 12:17:00","2005.12.19 14:19:00"),("Frankfurti","1","2005.12.19 13:03:00","2005.12.19 13:38:00"),("Hellas","1","2005.12.19 13:46:00","2005.12.19 16:10:00"),("Ráki","2","2005.12.19 14:16:00","2005.12.19 16:07:00"),("Magvas","1","2005.12.19 14:23:00","2005.12.19 14:55:00"),("Erős János","2","2005.12.19 14:42:00","2005.12.19 17:09:00"),("Ilike","1","2005.12.19 15:28:00","2005.12.19 16:05:00"),("Csupa sajt","1","2005.12.19 15:52:00","2005.12.19 17:44:00"),("Jázmin álma","3","2005.12.19 16:35:00","2005.12.19 17:20:00"),("So-ku","3","2005.12.19 16:51:00","2005.12.19 17:21:00"),("Hercegnő","2","2005.12.19 17:06:00","2005.12.19 20:02:00"),("So-ku","1","2005.12.19 17:25:00","2005.12.19 20:29:00"),("Tüzes halál","3","2005.12.19 17:53:00","2005.12.19 19:51:00"),("So-ku","2","2005.12.19 18:45:00","2005.12.19 21:43:00"),("Mamma fia","1","2005.12.19 19:20:00","2005.12.19 19:54:00"),("Röfi","1","2005.12.19 19:26:00","2005.12.19 21:47:00"),("Szalámis","1","2005.12.19 20:00:00","2005.12.19 21:41:00"),("Juhtúrós","1","2005.12.19 20:13:00","2005.12.19 22:52:00"),("Kiadós","1","2005.12.19 20:49:00","2005.12.19 22:37:00"),("Szerzetes","1","2005.12.19 21:00:00","2005.12.19 23:22:00"),("Vega","3","2005.12.19 21:57:00","2005.12.19 23:22:00"),("Gombás","1","2005.12.19 22:52:00","2005.12.19 23:13:00"),("Caribi","1","2005.12.19 23:08:00","2005.12.20 1:10:00"),("Sonkás","3","2005.12.19 23:16:00","2005.12.20 2:20:00"),("Juhtúrós","1","2005.12.19 23:26:00","2005.12.20 0:30:00"),("Hercegnő","1","2005.12.19 23:32:00","2005.12.20 2:44:00"),("Törperős","1","2005.12.19 23:58:00","2005.12.20 1:22:00"),("Pipis","1","2005.12.20 0:29:00","2005.12.20 1:32:00"),("Caribi","2","2005.12.20 0:34:00","2005.12.20 1:48:00"),("Erdő kapitánya","1","2005.12.20 0:59:00","2005.12.20 1:47:00"),("Lecsó","1","2005.12.20 1:34:00","2005.12.20 2:55:00"),("Erdő kapitánya","1","2005.12.20 1:35:00","2005.12.20 2:02:00"),("Szőke kapitány","1","2005.12.20 1:41:00","2005.12.20 4:27:00"),("Mamma fia","1","2005.12.20 1:51:00","2005.12.20 2:49:00"),("Zöldike","2","2005.12.20 2:16:00","2005.12.20 4:04:00"),("Főnök kedvence","1","2005.12.20 2:57:00","2005.12.20 3:56:00"),("Ráki","1","2005.12.20 3:12:00","2005.12.20 5:16:00"),("Gombás","1","2005.12.20 3:24:00","2005.12.20 5:30:00"),("Pipis","1","2005.12.20 3:25:00","2005.12.20 5:32:00"),("Ráki","1","2005.12.20 4:08:00","2005.12.20 6:15:00"),("Kolbászos","3","2005.12.20 4:12:00","2005.12.20 5:44:00"),("Erdő kapitánya","1","2005.12.20 5:08:00","2005.12.20 6:50:00"),("Betyáros","2","2005.12.20 5:58:00","2005.12.20 6:49:00"),("Francia","1","2005.12.20 6:20:00","2005.12.20 9:24:00"),("Mamma fia","1","2005.12.20 6:31:00","2005.12.20 7:44:00"),("Király pizza","3","2005.12.20 6:45:00","2005.12.20 7:41:00"),("Ínyenc","1","2005.12.20 7:39:00","2005.12.20 8:32:00"),("Excellent","1","2005.12.20 7:51:00","2005.12.20 8:14:00"),("Magvas","1","2005.12.20 8:49:00","2005.12.20 10:07:00"),("Tündi kedvence","1","2005.12.20 9:39:00","2005.12.20 11:57:00"),("Popey","3","2005.12.20 9:48:00","2005.12.20 12:45:00"),("Mamma fia","1","2005.12.20 10:26:00","2005.12.20 12:17:00"),("Gyros pizza","3","2005.12.20 10:45:00","2005.12.20 11:08:00"),("Popey","1","2005.12.20 11:37:00","2005.12.20 13:03:00"),("Caribi","1","2005.12.20 11:55:00","2005.12.20 13:27:00"),("Mixi","1","2005.12.20 11:55:00","2005.12.20 12:43:00"),("Sajtos","1","2005.12.20 12:05:00","2005.12.20 14:01:00"),("Quattro","1","2005.12.20 12:55:00","2005.12.20 14:25:00"),("Kiadós","3","2005.12.20 13:10:00","2005.12.20 14:25:00"),("Nyuszó-Muszó","1","2005.12.20 13:35:00","2005.12.20 15:05:00"),("Hellas","1","2005.12.20 14:06:00","2005.12.20 15:43:00"),("Tenger gyümölcsei","3","2005.12.20 14:53:00","2005.12.20 16:12:00"),("Csabesz","1","2005.12.20 15:40:00","2005.12.20 16:53:00"),("Máj Fair Lady","2","2005.12.20 15:48:00","2005.12.20 17:13:00"),("Szerzetes","1","2005.12.20 16:35:00","2005.12.20 17:05:00"),("Király pizza","1","2005.12.20 16:38:00","2005.12.20 18:35:00"),("Csabesz","1","2005.12.20 17:11:00","2005.12.20 18:51:00"),("Füstös","1","2005.12.20 17:48:00","2005.12.20 19:30:00"),("Király pizza","1","2005.12.20 18:28:00","2005.12.20 20:57:00"),("Szőke kapitány","2","2005.12.20 19:10:00","2005.12.20 21:08:00"),("Barbecue chicken","1","2005.12.20 19:56:00","2005.12.20 23:09:00"),("Mamma fia","1","2005.12.20 19:56:00","2005.12.20 22:44:00"),("Tüzes halál","1","2005.12.20 20:06:00","2005.12.20 22:06:00"),("Lecsó","1","2005.12.20 20:43:00","2005.12.20 22:03:00"),("Vega","1","2005.12.20 21:23:00","2005.12.20 22:57:00"),("Mixi","1","2005.12.20 21:23:00","2005.12.20 22:28:00"),("Popey","1","2005.12.20 21:56:00","2005.12.21 0:38:00"),("Sajtos","1","2005.12.20 22:39:00","2005.12.21 1:06:00"),("Hamm","1","2005.12.20 23:13:00","2005.12.21 2:06:00"),("Szőke kapitány","3","2005.12.20 23:50:00","2005.12.21 1:39:00"),("Francia","1","2005.12.21 0:33:00","2005.12.21 1:18:00"),("Hamm","1","2005.12.21 1:14:00","2005.12.21 2:38:00"),("Magyaros","1","2005.12.21 1:55:00","2005.12.21 4:39:00"),("Kolbászos","1","2005.12.21 2:27:00","2005.12.21 3:54:00"),("Erős János","1","2005.12.21 3:07:00","2005.12.21 5:11:00"),("Szőke kapitány","1","2005.12.21 3:42:00","2005.12.21 4:17:00"),("Pástétomos","1","2005.12.21 4:15:00","2005.12.21 6:30:00"),("Hawaii","1","2005.12.21 4:24:00","2005.12.21 6:24:00"),("Nikó","1","2005.12.21 5:20:00","2005.12.21 8:05:00"),("Ínyenc","3","2005.12.21 5:28:00","2005.12.21 5:59:00"),("Spanyol","1","2005.12.21 6:02:00","2005.12.21 6:24:00"),("Mamma fia","1","2005.12.21 6:48:00","2005.12.21 9:41:00"),("Lecsó","1","2005.12.21 7:14:00","2005.12.21 10:09:00"),("Jázmin álma","1","2005.12.21 7:59:00","2005.12.21 10:03:00"),("Pásztor","1","2005.12.21 8:11:00","2005.12.21 11:00:00"),("Hellas","1","2005.12.21 8:28:00","2005.12.21 10:36:00"),("Szardíniás","1","2005.12.21 8:39:00","2005.12.21 9:40:00"),("Kolbászos","1","2005.12.21 9:12:00","2005.12.21 10:26:00"),("Kolbászos","1","2005.12.21 9:33:00","2005.12.21 10:31:00"),("Maffiózó","1","2005.12.21 10:22:00","2005.12.21 12:09:00"),("Tenger gyümölcsei","1","2005.12.21 10:26:00","2005.12.21 13:00:00"),("Góré","1","2005.12.21 10:40:00","2005.12.21 13:10:00"),("Spencer","1","2005.12.21 11:22:00","2005.12.21 12:54:00"),("HamAndEggs","1","2005.12.21 11:51:00","2005.12.21 14:48:00"),("Magvas","1","2005.12.21 12:12:00","2005.12.21 14:23:00"),("Tonhalas","1","2005.12.21 12:58:00","2005.12.21 13:28:00"),("Gino","1","2005.12.21 13:54:00","2005.12.21 15:52:00"),("HamAndEggs","1","2005.12.21 13:57:00","2005.12.21 16:07:00"),("Pipis","1","2005.12.21 14:02:00","2005.12.21 14:45:00"),("Rettenetes magyar","1","2005.12.21 14:23:00","2005.12.21 15:07:00"),("Erdő kapitánya","1","2005.12.21 14:46:00","2005.12.21 17:16:00"),("Hamm","1","2005.12.21 15:43:00","2005.12.21 17:49:00"),("Hawaii","1","2005.12.21 16:20:00","2005.12.21 17:04:00"),("Szardíniás","3","2005.12.21 16:50:00","2005.12.21 17:26:00"),("Spanyol","1","2005.12.21 16:51:00","2005.12.21 17:32:00"),("Maffiózó","1","2005.12.21 17:06:00","2005.12.21 17:49:00"),("Nordic","2","2005.12.21 17:14:00","2005.12.21 18:15:00"),("Betyáros","1","2005.12.21 17:30:00","2005.12.21 18:09:00"),("Nordic","1","2005.12.21 18:11:00","2005.12.21 20:52:00"),("Jobbágy","1","2005.12.21 18:22:00","2005.12.21 20:39:00"),("Hellas","1","2005.12.21 18:55:00","2005.12.21 20:01:00"),("Hellas","1","2005.12.21 19:48:00","2005.12.21 21:59:00"),("Gino","1","2005.12.21 20:24:00","2005.12.21 22:09:00"),("Kívánság","1","2005.12.21 21:19:00","2005.12.22 0:31:00"),("Pásztor","1","2005.12.21 21:24:00","2005.12.22 0:27:00"),("Popey","2","2005.12.21 21:52:00","2005.12.21 23:07:00"),("Nikó","1","2005.12.21 22:21:00","2005.12.22 1:08:00"),("Hamm","1","2005.12.21 22:33:00","2005.12.22 1:39:00"),("Gyros pizza","1","2005.12.21 23:23:00","2005.12.22 0:26:00"),("Nikó","1","2005.12.22 0:14:00","2005.12.22 1:54:00"),("Hellas","1","2005.12.22 0:55:00","2005.12.22 3:27:00"),("Kívánság","1","2005.12.22 1:46:00","2005.12.22 4:21:00"),("Tündi kedvence","1","2005.12.22 1:59:00","2005.12.22 2:41:00"),("Szalámis","1","2005.12.22 2:29:00","2005.12.22 4:03:00"),("Görög","1","2005.12.22 3:24:00","2005.12.22 4:19:00"),("Mixi","1","2005.12.22 4:04:00","2005.12.22 6:12:00"),("Jázmin álma","1","2005.12.22 5:00:00","2005.12.22 6:39:00"),("Magvas","1","2005.12.22 5:52:00","2005.12.22 7:17:00"),("Jázmin álma","2","2005.12.22 6:40:00","2005.12.22 8:08:00"),("Son-go-ku","1","2005.12.22 6:54:00","2005.12.22 7:46:00"),("Szardíniás","2","2005.12.22 7:26:00","2005.12.22 8:44:00"),("Főnök kedvence","1","2005.12.22 8:15:00","2005.12.22 10:57:00"),("Füstös","1","2005.12.22 9:00:00","2005.12.22 11:13:00"),("Magvas","1","2005.12.22 9:16:00","2005.12.22 11:43:00"),("Hawaii","1","2005.12.22 10:02:00","2005.12.22 11:44:00"),("Mexikói","1","2005.12.22 10:47:00","2005.12.22 12:20:00"),("Popey","1","2005.12.22 10:51:00","2005.12.22 12:52:00"),("Son-go-ku","1","2005.12.22 11:15:00","2005.12.22 14:27:00"),("Görög","2","2005.12.22 11:35:00","2005.12.22 12:57:00"),("Ráki","1","2005.12.22 11:59:00","2005.12.22 12:53:00"),("Juhtúrós","1","2005.12.22 12:47:00","2005.12.22 15:00:00"),("Hamm","1","2005.12.22 12:59:00","2005.12.22 14:24:00"),("HamAndEggs","1","2005.12.22 13:08:00","2005.12.22 16:08:00"),("Kolbászos","1","2005.12.22 13:42:00","2005.12.22 14:23:00"),("Kiadós","1","2005.12.22 13:57:00","2005.12.22 14:44:00"),("Jobbágy","1","2005.12.22 14:05:00","2005.12.22 16:45:00"),("So-ku","1","2005.12.22 14:48:00","2005.12.22 15:58:00"),("Kiadós","1","2005.12.22 15:41:00","2005.12.22 16:53:00"),("Csabesz","3","2005.12.22 16:01:00","2005.12.22 17:21:00"),("Jázmin álma","1","2005.12.22 16:50:00","2005.12.22 18:34:00"),("Pásztor","1","2005.12.22 16:56:00","2005.12.22 18:46:00"),("Főnök kedvence","1","2005.12.22 17:20:00","2005.12.22 19:10:00"),("Hawaii","1","2005.12.22 17:51:00","2005.12.22 20:02:00"),("Gombás","3","2005.12.22 18:00:00","2005.12.22 19:10:00"),("Juhtúrós","1","2005.12.22 18:44:00","2005.12.22 20:00:00"),("Gombás","1","2005.12.22 19:16:00","2005.12.22 21:21:00"),("Törperős","1","2005.12.22 19:41:00","2005.12.22 20:35:00"),("Lagúna","1","2005.12.22 19:58:00","2005.12.22 21:49:00"),("Jobbágy","1","2005.12.22 20:18:00","2005.12.22 22:07:00"),("Francia","1","2005.12.22 20:51:00","2005.12.22 23:39:00"),("Pástétomos","2","2005.12.22 21:28:00","2005.12.23 0:04:00"),("Jobbágy","1","2005.12.22 22:11:00","2005.12.23 0:06:00"),("Törperős","1","2005.12.22 22:45:00","2005.12.22 23:28:00"),("Hellas","1","2005.12.22 23:20:00","2005.12.23 2:23:00"),("Törperős","1","2005.12.22 23:24:00","2005.12.23 1:19:00"),("Füstös","1","2005.12.22 23:40:00","2005.12.23 2:40:00"),("Kívánság","3","2005.12.23 0:37:00","2005.12.23 2:55:00"),("Nikó","2","2005.12.23 0:48:00","2005.12.23 3:45:00"),("Babos","2","2005.12.23 1:16:00","2005.12.23 3:09:00"),("Kolbászos","1","2005.12.23 1:50:00","2005.12.23 4:22:00"),("So-ku","1","2005.12.23 2:27:00","2005.12.23 3:00:00"),("Gino","1","2005.12.23 2:57:00","2005.12.23 5:15:00"),("Hamm","2","2005.12.23 3:10:00","2005.12.23 5:59:00"),("Spanyol","3","2005.12.23 3:55:00","2005.12.23 6:07:00"),("Mamma fia","1","2005.12.23 4:52:00","2005.12.23 7:05:00"),("So-ku","1","2005.12.23 5:39:00","2005.12.23 7:34:00"),("Country","1","2005.12.23 6:13:00","2005.12.23 9:15:00"),("Kívánság","1","2005.12.23 6:59:00","2005.12.23 9:54:00"),("Szerzetes","3","2005.12.23 7:48:00","2005.12.23 8:20:00"),("Kolbászos","3","2005.12.23 8:17:00","2005.12.23 11:27:00"),("Góré","1","2005.12.23 8:35:00","2005.12.23 9:02:00"),("Kolbászos","1","2005.12.23 9:00:00","2005.12.23 10:59:00"),("Áfonyás","1","2005.12.23 9:05:00","2005.12.23 9:54:00"),("Francia","1","2005.12.23 10:02:00","2005.12.23 10:45:00"),("Tonhalas","1","2005.12.23 10:51:00","2005.12.23 11:23:00"),("Tüzes halál","1","2005.12.23 11:37:00","2005.12.23 13:38:00"),("Ilike","1","2005.12.23 12:24:00","2005.12.23 14:03:00"),("Csupa sajt","1","2005.12.23 13:21:00","2005.12.23 15:05:00"),("Hellas","3","2005.12.23 13:55:00","2005.12.23 15:19:00"),("Nordic","3","2005.12.23 14:08:00","2005.12.23 15:43:00"),("Vega","1","2005.12.23 14:16:00","2005.12.23 15:22:00"),("Gombás","3","2005.12.23 14:28:00","2005.12.23 16:47:00"),("Jázmin álma","3","2005.12.23 15:23:00","2005.12.23 16:23:00"),("Nikó","1","2005.12.23 15:34:00","2005.12.23 16:39:00"),("Szerzetes","3","2005.12.23 15:57:00","2005.12.23 16:20:00"),("Szőke kapitány","1","2005.12.23 16:42:00","2005.12.23 17:53:00"),("Babos","1","2005.12.23 16:50:00","2005.12.23 18:39:00"),("Lagúna","3","2005.12.23 17:15:00","2005.12.23 18:31:00"),("Jázmin álma","1","2005.12.23 17:15:00","2005.12.23 19:39:00"),("Tonhalas","2","2005.12.23 18:08:00","2005.12.23 18:38:00"),("Zöldike","1","2005.12.23 18:22:00","2005.12.23 21:18:00"),("Tüzes halál","1","2005.12.23 18:30:00","2005.12.23 20:20:00"),("Röfi","1","2005.12.23 19:23:00","2005.12.23 21:12:00"),("Ilike","3","2005.12.23 19:51:00","2005.12.23 21:04:00"),("Kétszínű","1","2005.12.23 20:03:00","2005.12.23 21:34:00"),("Maffiózó","1","2005.12.23 20:09:00","2005.12.23 22:38:00"),("Kolbászos","2","2005.12.23 20:32:00","2005.12.23 21:30:00"),("Nordic","1","2005.12.23 21:11:00","2005.12.23 23:41:00"),("Görög","1","2005.12.23 22:01:00","2005.12.24 0:13:00"),("Magvas","1","2005.12.23 22:08:00","2005.12.23 23:09:00"),("Görög","1","2005.12.23 22:57:00","2005.12.24 1:19:00"),("Magvas","1","2005.12.23 23:42:00","2005.12.24 2:05:00"),("Ilike","3","2005.12.23 23:43:00","2005.12.24 1:39:00"),("Kétszínű","1","2005.12.24 0:17:00","2005.12.24 2:14:00"),("Király pizza","1","2005.12.24 0:24:00","2005.12.24 1:00:00"),("So-ku","1","2005.12.24 1:06:00","2005.12.24 4:00:00"),("Kolbászos","1","2005.12.24 1:13:00","2005.12.24 2:33:00"),("Szerzetes","1","2005.12.24 1:43:00","2005.12.24 4:39:00"),("Rettenetes magyar","1","2005.12.24 2:07:00","2005.12.24 5:17:00"),("Pipis","1","2005.12.24 2:13:00","2005.12.24 3:48:00"),("Törperős","1","2005.12.24 3:09:00","2005.12.24 5:23:00"),("Rettenetes magyar","1","2005.12.24 3:42:00","2005.12.24 4:51:00"),("Hawaii","3","2005.12.24 4:17:00","2005.12.24 6:09:00"),("Ilike","1","2005.12.24 4:19:00","2005.12.24 6:39:00"),("Tündi kedvence","3","2005.12.24 4:40:00","2005.12.24 6:10:00"),("Szardíniás","1","2005.12.24 5:17:00","2005.12.24 8:26:00"),("Füstös","1","2005.12.24 5:23:00","2005.12.24 8:18:00"),("Barbecue chicken","1","2005.12.24 5:37:00","2005.12.24 6:15:00"),("Ínyenc","2","2005.12.24 5:48:00","2005.12.24 6:50:00"),("Vega","1","2005.12.24 5:59:00","2005.12.24 7:06:00"),("Francia","2","2005.12.24 6:43:00","2005.12.24 9:28:00"),("Excellent","1","2005.12.24 7:37:00","2005.12.24 10:20:00"),("Szőke kapitány","1","2005.12.24 8:07:00","2005.12.24 10:09:00"),("Erdő kapitánya","1","2005.12.24 8:50:00","2005.12.24 9:14:00"),("Erős János","3","2005.12.24 9:30:00","2005.12.24 10:07:00"),("Zöldike","1","2005.12.24 10:09:00","2005.12.24 12:35:00"),("Popey","2","2005.12.24 11:00:00","2005.12.24 11:54:00"),("Country","1","2005.12.24 11:11:00","2005.12.24 12:11:00"),("Rettenetes magyar","1","2005.12.24 12:06:00","2005.12.24 13:33:00"),("Vega","1","2005.12.24 12:09:00","2005.12.24 14:38:00"),("Góré","1","2005.12.24 12:40:00","2005.12.24 14:05:00"),("Juhtúrós","1","2005.12.24 13:18:00","2005.12.24 16:03:00"),("Jázmin álma","3","2005.12.24 13:28:00","2005.12.24 15:06:00"),("Gyros pizza","1","2005.12.24 13:59:00","2005.12.24 17:05:00"),("Gombás","2","2005.12.24 14:42:00","2005.12.24 17:32:00"),("Szardíniás","1","2005.12.24 15:35:00","2005.12.24 17:34:00"),("Hercegnő","1","2005.12.24 16:01:00","2005.12.24 18:07:00"),("Mexikói","1","2005.12.24 16:02:00","2005.12.24 16:52:00"),("Hawaii","1","2005.12.24 16:29:00","2005.12.24 18:12:00"),("Lagúna","1","2005.12.24 17:09:00","2005.12.24 18:30:00"),("Csupa sajt","1","2005.12.24 17:13:00","2005.12.24 19:07:00"),("Ráki","2","2005.12.24 17:27:00","2005.12.24 19:58:00"),("Gyros pizza","1","2005.12.24 17:33:00","2005.12.24 19:13:00"),("Mexikói","1","2005.12.24 17:38:00","2005.12.24 20:34:00"),("Lecsó","2","2005.12.24 18:05:00","2005.12.24 19:34:00"),("Kétszínű","1","2005.12.24 18:18:00","2005.12.24 20:03:00"),("Szerzetes","1","2005.12.24 18:39:00","2005.12.24 19:51:00"),("Kiadós","1","2005.12.24 19:17:00","2005.12.24 22:02:00"),("Szardíniás","1","2005.12.24 19:45:00","2005.12.24 21:55:00"),("Popey","1","2005.12.24 19:50:00","2005.12.24 21:38:00"),("Szalámis","1","2005.12.24 20:00:00","2005.12.24 22:05:00"),("Babos","1","2005.12.24 20:37:00","2005.12.24 21:04:00"),("Kiadós","1","2005.12.24 21:09:00","2005.12.24 22:41:00"),("Betyáros","1","2005.12.24 21:56:00","2005.12.24 23:15:00"),("Francia","1","2005.12.24 22:39:00","2005.12.24 23:58:00"),("Spanyol","1","2005.12.24 23:08:00","2005.12.25 2:20:00"),("So-ku","1","2005.12.24 23:18:00","2005.12.25 1:39:00"),("Magvas","1","2005.12.24 23:53:00","2005.12.25 2:07:00"),("Vega","1","2005.12.25 0:34:00","2005.12.25 2:30:00"),("Hellas","1","2005.12.25 1:23:00","2005.12.25 2:53:00"),("Lagúna","1","2005.12.25 2:07:00","2005.12.25 3:06:00"),("Szardíniás","3","2005.12.25 2:20:00","2005.12.25 3:14:00"),("Tüzes halál","1","2005.12.25 3:04:00","2005.12.25 6:15:00"),("Nikó","1","2005.12.25 3:42:00","2005.12.25 5:54:00"),("Barbecue chicken","1","2005.12.25 4:24:00","2005.12.25 5:20:00"),("Csabesz","1","2005.12.25 4:48:00","2005.12.25 7:31:00"),("Góré","1","2005.12.25 5:04:00","2005.12.25 7:21:00"),("Tüzes halál","1","2005.12.25 5:27:00","2005.12.25 8:06:00"),("Ilike","1","2005.12.25 6:02:00","2005.12.25 6:39:00"),("Nordic","1","2005.12.25 6:47:00","2005.12.25 9:53:00"),("Jobbágy","1","2005.12.25 7:12:00","2005.12.25 9:34:00"),("Szalámis","1","2005.12.25 7:52:00","2005.12.25 8:55:00"),("Áfonyás","1","2005.12.25 8:27:00","2005.12.25 9:47:00"),("Kétszínű","3","2005.12.25 8:35:00","2005.12.25 10:31:00"),("Spencer","3","2005.12.25 9:26:00","2005.12.25 11:17:00"),("Excellent","1","2005.12.25 9:56:00","2005.12.25 11:51:00"),("Szalámis","1","2005.12.25 10:05:00","2005.12.25 11:36:00"),("Barbecue chicken","1","2005.12.25 10:31:00","2005.12.25 12:55:00"),("Király pizza","1","2005.12.25 10:38:00","2005.12.25 13:07:00"),("Góré","3","2005.12.25 11:01:00","2005.12.25 12:59:00"),("Főnök kedvence","3","2005.12.25 11:51:00","2005.12.25 12:27:00"),("Quattro","1","2005.12.25 12:30:00","2005.12.25 14:39:00"),("Lecsó","1","2005.12.25 13:02:00","2005.12.25 14:31:00"),("Hercegnő","1","2005.12.25 13:06:00","2005.12.25 14:47:00"),("Kiadós","1","2005.12.25 13:26:00","2005.12.25 14:15:00"),("Quattro","1","2005.12.25 14:22:00","2005.12.25 15:42:00"),("Lecsó","1","2005.12.25 14:35:00","2005.12.25 17:27:00"),("Kiadós","1","2005.12.25 14:44:00","2005.12.25 17:12:00"),("Röfi","1","2005.12.25 14:56:00","2005.12.25 17:39:00"),("Góré","1","2005.12.25 15:40:00","2005.12.25 16:50:00"),("Mamma fia","1","2005.12.25 15:44:00","2005.12.25 17:54:00"),("Kívánság","2","2005.12.25 16:18:00","2005.12.25 19:07:00"),("Kagylós","1","2005.12.25 17:08:00","2005.12.25 19:43:00"),("Lecsó","1","2005.12.25 17:31:00","2005.12.25 17:59:00"),("Zöldike","3","2005.12.25 17:55:00","2005.12.25 19:29:00"),("Erős János","1","2005.12.25 18:51:00","2005.12.25 21:14:00"),("Hamm","1","2005.12.25 19:44:00","2005.12.25 20:19:00"),("Pipis","1","2005.12.25 20:09:00","2005.12.25 21:56:00"),("Áfonyás","2","2005.12.25 20:50:00","2005.12.25 21:38:00"),("Barbecue chicken","2","2005.12.25 21:03:00","2005.12.25 23:24:00"),("Pacalos","1","2005.12.25 22:00:00","2005.12.25 23:42:00"),("Király pizza","1","2005.12.25 22:47:00","2005.12.26 0:53:00"),("Kolbászos","1","2005.12.25 22:47:00","2005.12.25 23:59:00"),("Erdő kapitánya","1","2005.12.25 23:03:00","2005.12.25 23:37:00"),("Hamm","1","2005.12.25 23:46:00","2005.12.26 1:47:00"),("Erős János","1","2005.12.26 0:44:00","2005.12.26 2:01:00"),("Tenger gyümölcsei","1","2005.12.26 0:59:00","2005.12.26 3:35:00"),("Country","3","2005.12.26 1:20:00","2005.12.26 3:38:00"),("Törperős","2","2005.12.26 1:38:00","2005.12.26 4:37:00"),("Mexikói","3","2005.12.26 1:55:00","2005.12.26 2:41:00"),("Pacalos","1","2005.12.26 2:13:00","2005.12.26 4:54:00"),("Betyáros","3","2005.12.26 2:37:00","2005.12.26 3:44:00"),("Szalámis","1","2005.12.26 3:23:00","2005.12.26 5:13:00"),("Excellent","3","2005.12.26 3:38:00","2005.12.26 4:43:00"),("Király pizza","1","2005.12.26 3:50:00","2005.12.26 6:33:00"),("Excellent","3","2005.12.26 4:09:00","2005.12.26 4:39:00"),("Góré","2","2005.12.26 4:22:00","2005.12.26 5:21:00"),("Ráki","1","2005.12.26 4:51:00","2005.12.26 6:00:00"),("Kagylós","1","2005.12.26 5:15:00","2005.12.26 6:40:00"),("Rettenetes magyar","1","2005.12.26 5:58:00","2005.12.26 6:55:00"),("Füstös","1","2005.12.26 6:36:00","2005.12.26 8:33:00"),("Sonkás","1","2005.12.26 7:29:00","2005.12.26 9:22:00"),("Görög","1","2005.12.26 7:50:00","2005.12.26 10:01:00"),("Maffiózó","1","2005.12.26 8:39:00","2005.12.26 9:20:00"),("Nikó","1","2005.12.26 9:28:00","2005.12.26 11:25:00"),("Görög","1","2005.12.26 10:15:00","2005.12.26 11:56:00"),("Vega","1","2005.12.26 10:57:00","2005.12.26 11:51:00"),("Sajtos","3","2005.12.26 11:06:00","2005.12.26 12:53:00"),("Country","1","2005.12.26 11:26:00","2005.12.26 14:15:00"),("Magvas","1","2005.12.26 11:57:00","2005.12.26 14:23:00"),("Góré","3","2005.12.26 12:40:00","2005.12.26 13:15:00"),("Spanyol","1","2005.12.26 12:46:00","2005.12.26 13:57:00"),("Barbecue chicken","1","2005.12.26 13:16:00","2005.12.26 14:52:00"),("Gyros pizza","3","2005.12.26 14:06:00","2005.12.26 15:57:00"),("Nyuszó-Muszó","1","2005.12.26 14:49:00","2005.12.26 15:58:00"),("Jázmin álma","1","2005.12.26 15:02:00","2005.12.26 16:35:00"),("Gyros pizza","1","2005.12.26 15:33:00","2005.12.26 17:05:00"),("Sonkás","3","2005.12.26 16:05:00","2005.12.26 18:45:00"),("Jázmin álma","1","2005.12.26 16:56:00","2005.12.26 19:38:00"),("Hellas","1","2005.12.26 17:43:00","2005.12.26 20:20:00"),("Magvas","1","2005.12.26 18:28:00","2005.12.26 21:18:00"),("Hawaii","1","2005.12.26 18:47:00","2005.12.26 21:28:00"),("Tündi kedvence","1","2005.12.26 19:40:00","2005.12.26 22:29:00"),("Nyuszó-Muszó","1","2005.12.26 20:01:00","2005.12.26 22:49:00"),("Quattro","2","2005.12.26 20:33:00","2005.12.26 21:37:00"),("Füstös","1","2005.12.26 21:03:00","2005.12.26 21:36:00"),("Rettenetes magyar","1","2005.12.26 21:43:00","2005.12.26 22:30:00"),("Frankfurti","3","2005.12.26 22:13:00","2005.12.26 23:51:00"),("Mamma fia","1","2005.12.26 23:08:00","2005.12.27 1:35:00"),("Mixi","1","2005.12.26 23:22:00","2005.12.27 0:26:00"),("Babos","1","2005.12.26 23:31:00","2005.12.27 2:39:00"),("Füstös","1","2005.12.26 23:32:00","2005.12.27 0:49:00"),("Rettenetes magyar","1","2005.12.27 0:18:00","2005.12.27 1:44:00"),("Pástétomos","3","2005.12.27 0:37:00","2005.12.27 1:34:00"),("Mexikói","2","2005.12.27 0:47:00","2005.12.27 1:40:00"),("Hawaii","1","2005.12.27 0:49:00","2005.12.27 1:57:00"),("Görög","1","2005.12.27 1:45:00","2005.12.27 4:31:00"),("Hellas","1","2005.12.27 2:05:00","2005.12.27 3:37:00"),("Nordic","1","2005.12.27 2:49:00","2005.12.27 3:53:00"),("Szalámis","1","2005.12.27 2:56:00","2005.12.27 4:23:00"),("Pástétomos","1","2005.12.27 3:52:00","2005.12.27 4:55:00"),("Pásztor","2","2005.12.27 4:39:00","2005.12.27 7:38:00"),("Barbecue chicken","1","2005.12.27 5:16:00","2005.12.27 6:31:00"),("Máj Fair Lady","1","2005.12.27 6:12:00","2005.12.27 8:32:00"),("Kagylós","1","2005.12.27 7:04:00","2005.12.27 9:35:00"),("Quattro","1","2005.12.27 7:49:00","2005.12.27 9:42:00"),("Pástétomos","1","2005.12.27 8:30:00","2005.12.27 9:35:00"),("Kétszínű","1","2005.12.27 9:05:00","2005.12.27 10:27:00"),("Gino","1","2005.12.27 9:10:00","2005.12.27 11:44:00"),("Csabesz","1","2005.12.27 9:33:00","2005.12.27 11:19:00"),("Kolbászos","1","2005.12.27 9:51:00","2005.12.27 10:56:00"),("Betyáros","1","2005.12.27 10:08:00","2005.12.27 11:34:00"),("Betyáros","1","2005.12.27 10:30:00","2005.12.27 13:24:00"),("Pipis","1","2005.12.27 11:15:00","2005.12.27 11:44:00"),("Spanyol","1","2005.12.27 11:36:00","2005.12.27 14:06:00"),("Csupa sajt","1","2005.12.27 11:52:00","2005.12.27 13:06:00"),("Lagúna","3","2005.12.27 12:37:00","2005.12.27 15:16:00"),("Törperős","2","2005.12.27 12:41:00","2005.12.27 15:35:00"),("Gombás","3","2005.12.27 13:12:00","2005.12.27 14:36:00"),("Gino","1","2005.12.27 13:15:00","2005.12.27 15:23:00"),("Király pizza","1","2005.12.27 13:21:00","2005.12.27 16:00:00"),("Kagylós","1","2005.12.27 14:16:00","2005.12.27 16:34:00"),("Nordic","1","2005.12.27 15:11:00","2005.12.27 15:35:00"),("Erős János","2","2005.12.27 15:42:00","2005.12.27 18:23:00"),("Gino","1","2005.12.27 15:46:00","2005.12.27 16:58:00"),("Ráki","3","2005.12.27 15:47:00","2005.12.27 16:15:00"),("Excellent","1","2005.12.27 16:31:00","2005.12.27 18:39:00"),("Kétszínű","1","2005.12.27 17:23:00","2005.12.27 19:23:00"),("Főnök kedvence","2","2005.12.27 17:55:00","2005.12.27 20:13:00"),("Francia","1","2005.12.27 18:43:00","2005.12.27 21:32:00"),("Spencer","1","2005.12.27 19:04:00","2005.12.27 22:03:00"),("Ráki","3","2005.12.27 19:41:00","2005.12.27 22:17:00"),("Kívánság","1","2005.12.27 20:27:00","2005.12.27 21:46:00"),("Csabesz","1","2005.12.27 20:55:00","2005.12.27 22:46:00"),("Király pizza","1","2005.12.27 20:56:00","2005.12.27 23:25:00"),("Ínyenc","1","2005.12.27 21:12:00","2005.12.28 0:22:00"),("Sajtos","1","2005.12.27 21:40:00","2005.12.27 22:01:00"),("Lecsó","2","2005.12.27 21:58:00","2005.12.27 22:42:00"),("Füstös","1","2005.12.27 22:39:00","2005.12.27 23:55:00"),("Pástétomos","1","2005.12.27 23:24:00","2005.12.28 1:27:00"),("Hamm","1","2005.12.27 23:51:00","2005.12.28 0:19:00"),("Nordic","1","2005.12.28 0:06:00","2005.12.28 1:50:00"),("Kiadós","1","2005.12.28 0:29:00","2005.12.28 0:58:00"),("Caribi","3","2005.12.28 0:33:00","2005.12.28 2:35:00"),("Ilike","1","2005.12.28 0:42:00","2005.12.28 1:24:00"),("Szardíniás","1","2005.12.28 1:17:00","2005.12.28 2:39:00"),("Mamma fia","1","2005.12.28 1:53:00","2005.12.28 4:22:00"),("Pástétomos","1","2005.12.28 2:24:00","2005.12.28 4:15:00"),("Quattro","3","2005.12.28 2:55:00","2005.12.28 5:27:00"),("Frankfurti","1","2005.12.28 3:19:00","2005.12.28 4:45:00"),("Tenger gyümölcsei","1","2005.12.28 4:10:00","2005.12.28 6:19:00"),("Mexikói","1","2005.12.28 4:58:00","2005.12.28 5:28:00"),("Nordic","1","2005.12.28 5:34:00","2005.12.28 7:08:00"),("Kagylós","1","2005.12.28 5:46:00","2005.12.28 7:59:00"),("Frankfurti","1","2005.12.28 6:18:00","2005.12.28 8:16:00"),("Rettenetes magyar","1","2005.12.28 7:02:00","2005.12.28 9:10:00"),("Gombás","1","2005.12.28 7:40:00","2005.12.28 9:28:00"),("Francia","1","2005.12.28 8:28:00","2005.12.28 11:06:00"),("Pipis","1","2005.12.28 8:35:00","2005.12.28 9:49:00"),("Mamma fia","2","2005.12.28 8:38:00","2005.12.28 11:43:00"),("Excellent","1","2005.12.28 9:31:00","2005.12.28 10:54:00"),("Spanyol","3","2005.12.28 10:29:00","2005.12.28 13:40:00"),("Nordic","2","2005.12.28 10:57:00","2005.12.28 12:43:00"),("Nyuszó-Muszó","1","2005.12.28 11:03:00","2005.12.28 13:02:00"),("Rettenetes magyar","1","2005.12.28 11:30:00","2005.12.28 14:03:00"),("Kívánság","1","2005.12.28 11:41:00","2005.12.28 13:32:00"),("Lagúna","2","2005.12.28 11:45:00","2005.12.28 14:11:00"),("Pásztor","2","2005.12.28 12:17:00","2005.12.28 14:52:00"),("Szőke kapitány","1","2005.12.28 12:29:00","2005.12.28 14:42:00"),("Gombás","1","2005.12.28 12:48:00","2005.12.28 14:05:00"),("Csupa sajt","1","2005.12.28 13:20:00","2005.12.28 14:57:00"),("Tüzes halál","2","2005.12.28 13:51:00","2005.12.28 15:51:00"),("Kétszínű","1","2005.12.28 14:16:00","2005.12.28 15:14:00"),("Góré","2","2005.12.28 15:07:00","2005.12.28 17:29:00"),("Zöldike","1","2005.12.28 16:01:00","2005.12.28 16:55:00"),("Spencer","1","2005.12.28 16:31:00","2005.12.28 17:29:00"),("Füstös","3","2005.12.28 17:00:00","2005.12.28 19:15:00"),("Babos","3","2005.12.28 17:53:00","2005.12.28 18:23:00"),("Nordic","2","2005.12.28 18:48:00","2005.12.28 20:00:00"),("Pacalos","1","2005.12.28 18:49:00","2005.12.28 21:33:00"),("Görög","1","2005.12.28 18:55:00","2005.12.28 20:53:00"),("HamAndEggs","1","2005.12.28 19:32:00","2005.12.28 20:16:00"),("Babos","1","2005.12.28 19:46:00","2005.12.28 22:15:00"),("Törperős","1","2005.12.28 20:11:00","2005.12.28 22:47:00"),("Szerzetes","1","2005.12.28 20:47:00","2005.12.28 21:27:00"),("Gino","1","2005.12.28 21:33:00","2005.12.28 23:48:00"),("Ínyenc","3","2005.12.28 22:28:00","2005.12.29 1:02:00"),("Szőke kapitány","1","2005.12.28 22:38:00","2005.12.29 0:53:00"),("Lecsó","3","2005.12.28 22:43:00","2005.12.29 0:37:00"),("Lecsó","1","2005.12.28 23:35:00","2005.12.29 0:52:00"),("Hamm","1","2005.12.29 0:02:00","2005.12.29 0:31:00"),("Törperős","2","2005.12.29 0:18:00","2005.12.29 3:03:00"),("Magyaros","2","2005.12.29 0:54:00","2005.12.29 3:01:00"),("Szőke kapitány","1","2005.12.29 1:01:00","2005.12.29 3:10:00"),("Zöldike","1","2005.12.29 1:43:00","2005.12.29 2:13:00"),("Jobbágy","1","2005.12.29 2:30:00","2005.12.29 4:21:00"),("Jobbágy","2","2005.12.29 2:46:00","2005.12.29 5:56:00"),("Szardíniás","3","2005.12.29 2:57:00","2005.12.29 3:48:00"),("Hawaii","2","2005.12.29 3:07:00","2005.12.29 5:42:00"),("So-ku","1","2005.12.29 3:53:00","2005.12.29 5:50:00"),("Country","3","2005.12.29 4:34:00","2005.12.29 7:20:00"),("Nikó","1","2005.12.29 4:44:00","2005.12.29 6:27:00"),("Nikó","1","2005.12.29 5:17:00","2005.12.29 7:14:00"),("Hamm","1","2005.12.29 5:41:00","2005.12.29 8:09:00"),("Pásztor","3","2005.12.29 6:38:00","2005.12.29 8:37:00"),("Görög","1","2005.12.29 7:26:00","2005.12.29 9:39:00"),("Csabesz","1","2005.12.29 8:03:00","2005.12.29 8:42:00"),("Tenger gyümölcsei","3","2005.12.29 8:48:00","2005.12.29 9:35:00"),("Hawaii","1","2005.12.29 8:57:00","2005.12.29 10:12:00"),("Vega","1","2005.12.29 9:54:00","2005.12.29 10:43:00"),("Kiadós","1","2005.12.29 10:41:00","2005.12.29 11:01:00"),("Gyros pizza","1","2005.12.29 11:34:00","2005.12.29 14:25:00"),("Hawaii","1","2005.12.29 12:21:00","2005.12.29 14:31:00"),("Kagylós","1","2005.12.29 13:09:00","2005.12.29 13:43:00"),("Maffiózó","1","2005.12.29 13:28:00","2005.12.29 16:03:00"),("Ilike","2","2005.12.29 13:32:00","2005.12.29 14:47:00"),("Barbecue chicken","1","2005.12.29 13:42:00","2005.12.29 15:36:00"),("So-ku","1","2005.12.29 14:29:00","2005.12.29 17:33:00"),("Lagúna","1","2005.12.29 14:45:00","2005.12.29 16:16:00"),("Tonhalas","3","2005.12.29 15:21:00","2005.12.29 16:35:00"),("HamAndEggs","3","2005.12.29 16:05:00","2005.12.29 19:13:00"),("Főnök kedvence","1","2005.12.29 16:32:00","2005.12.29 17:04:00"),("Király pizza","2","2005.12.29 16:51:00","2005.12.29 17:13:00"),("Sonkás","1","2005.12.29 17:06:00","2005.12.29 18:30:00"),("Kétszínű","2","2005.12.29 17:45:00","2005.12.29 18:53:00"),("Betyáros","2","2005.12.29 18:05:00","2005.12.29 20:57:00"),("Maffiózó","1","2005.12.29 18:07:00","2005.12.29 19:31:00"),("Rettenetes magyar","1","2005.12.29 18:36:00","2005.12.29 21:09:00"),("Pipis","2","2005.12.29 18:41:00","2005.12.29 20:07:00"),("Spencer","2","2005.12.29 19:38:00","2005.12.29 22:35:00"),("Frankfurti","3","2005.12.29 20:12:00","2005.12.29 20:45:00"),("Betyáros","1","2005.12.29 20:53:00","2005.12.29 23:51:00"),("Spanyol","3","2005.12.29 21:11:00","2005.12.29 23:55:00"),("Kiadós","1","2005.12.29 21:40:00","2005.12.29 22:10:00"),("Erdő kapitánya","2","2005.12.29 21:47:00","2005.12.29 22:51:00"),("Excellent","1","2005.12.29 22:29:00","2005.12.30 1:13:00"),("Főnök kedvence","1","2005.12.29 23:14:00","2005.12.30 0:07:00"),("Csabesz","1","2005.12.29 23:50:00","2005.12.30 1:56:00"),("Csabesz","1","2005.12.29 23:56:00","2005.12.30 2:09:00"),("Pásztor","1","2005.12.30 0:18:00","2005.12.30 0:58:00"),("Gino","1","2005.12.30 1:05:00","2005.12.30 3:33:00"),("Quattro","1","2005.12.30 1:32:00","2005.12.30 3:14:00"),("Kívánság","3","2005.12.30 1:51:00","2005.12.30 2:29:00"),("Pásztor","2","2005.12.30 2:23:00","2005.12.30 5:31:00"),("Füstös","1","2005.12.30 2:45:00","2005.12.30 4:04:00"),("Jobbágy","2","2005.12.30 3:00:00","2005.12.30 5:12:00"),("Pacalos","1","2005.12.30 3:28:00","2005.12.30 5:46:00"),("Szalámis","1","2005.12.30 3:34:00","2005.12.30 5:20:00"),("Erdő kapitánya","1","2005.12.30 4:02:00","2005.12.30 6:27:00"),("Spencer","2","2005.12.30 4:38:00","2005.12.30 6:45:00"),("Ilike","1","2005.12.30 4:57:00","2005.12.30 5:38:00"),("Gyros pizza","2","2005.12.30 5:28:00","2005.12.30 6:52:00"),("Popey","3","2005.12.30 5:47:00","2005.12.30 7:46:00"),("Szerzetes","2","2005.12.30 6:02:00","2005.12.30 8:47:00"),("Góré","1","2005.12.30 6:52:00","2005.12.30 7:27:00"),("Betyáros","3","2005.12.30 7:08:00","2005.12.30 10:17:00"),("Nyuszó-Muszó","1","2005.12.30 7:27:00","2005.12.30 10:05:00"),("Ínyenc","1","2005.12.30 8:09:00","2005.12.30 11:03:00"),("Rettenetes magyar","3","2005.12.30 8:36:00","2005.12.30 10:53:00"),("Jázmin álma","1","2005.12.30 9:05:00","2005.12.30 12:00:00"),("Ilike","1","2005.12.30 9:14:00","2005.12.30 9:48:00"),("Spanyol","1","2005.12.30 9:48:00","2005.12.30 12:55:00"),("Király pizza","1","2005.12.30 10:17:00","2005.12.30 13:16:00"),("Gyros pizza","3","2005.12.30 10:55:00","2005.12.30 13:49:00"),("Góré","1","2005.12.30 11:27:00","2005.12.30 12:14:00"),("Lagúna","1","2005.12.30 11:44:00","2005.12.30 13:11:00"),("Sonkás","1","2005.12.30 12:23:00","2005.12.30 14:55:00"),("Hercegnő","1","2005.12.30 13:05:00","2005.12.30 14:05:00"),("Nyuszó-Muszó","1","2005.12.30 13:14:00","2005.12.30 13:57:00"),("Popey","1","2005.12.30 14:10:00","2005.12.30 15:06:00"),("Francia","1","2005.12.30 14:12:00","2005.12.30 17:05:00"),("Frankfurti","1","2005.12.30 14:34:00","2005.12.30 17:43:00"),("Hellas","1","2005.12.30 15:00:00","2005.12.30 17:59:00"),("Tüzes halál","1","2005.12.30 15:48:00","2005.12.30 17:49:00"),("Nordic","1","2005.12.30 16:44:00","2005.12.30 17:56:00"),("Popey","1","2005.12.30 17:13:00","2005.12.30 19:27:00"),("Tonhalas","1","2005.12.30 17:54:00","2005.12.30 19:53:00"),("Főnök kedvence","1","2005.12.30 18:00:00","2005.12.30 21:07:00"),("Füstös","3","2005.12.30 18:52:00","2005.12.30 20:54:00"),("Törperős","1","2005.12.30 19:10:00","2005.12.30 21:27:00"),("Csupa sajt","1","2005.12.30 19:12:00","2005.12.30 20:07:00"),("Son-go-ku","1","2005.12.30 19:50:00","2005.12.30 22:59:00"),("Lecsó","1","2005.12.30 19:52:00","2005.12.30 21:12:00"),("Zöldike","1","2005.12.30 20:08:00","2005.12.30 22:33:00"),("Pacalos","1","2005.12.30 20:53:00","2005.12.30 23:56:00"),("Barbecue chicken","1","2005.12.30 21:02:00","2005.12.30 22:02:00"),("Hellas","1","2005.12.30 21:38:00","2005.12.30 23:03:00"),("Babos","1","2005.12.30 22:34:00","2005.12.30 23:40:00"),("Excellent","1","2005.12.30 22:57:00","2005.12.30 23:28:00"),("Excellent","1","2005.12.30 23:02:00","2005.12.31 0:38:00"),("Tonhalas","3","2005.12.30 23:35:00","2005.12.31 1:20:00"),("Tenger gyümölcsei","1","2005.12.31 0:00:00","2005.12.31 1:37:00"),("Gyros pizza","2","2005.12.31 0:28:00","2005.12.31 3:16:00"),("Nikó","1","2005.12.31 1:20:00","2005.12.31 2:43:00"),("Gombás","2","2005.12.31 1:26:00","2005.12.31 4:25:00"),("Csupa sajt","1","2005.12.31 2:01:00","2005.12.31 2:25:00"),("Tüzes halál","1","2005.12.31 2:43:00","2005.12.31 3:15:00"),("Szerzetes","1","2005.12.31 3:06:00","2005.12.31 4:30:00"),("Király pizza","1","2005.12.31 3:17:00","2005.12.31 4:46:00"),("Francia","1","2005.12.31 3:34:00","2005.12.31 6:07:00"),("Szardíniás","1","2005.12.31 3:43:00","2005.12.31 4:21:00"),("Zöldike","1","2005.12.31 4:00:00","2005.12.31 4:21:00"),("Görög","1","2005.12.31 4:08:00","2005.12.31 6:04:00"),("Barbecue chicken","1","2005.12.31 4:51:00","2005.12.31 6:22:00"),("Gombás","3","2005.12.31 5:43:00","2005.12.31 7:53:00"),("Pástétomos","1","2005.12.31 6:06:00","2005.12.31 6:43:00"),("Jobbágy","3","2005.12.31 6:10:00","2005.12.31 8:36:00"),("Ínyenc","1","2005.12.31 6:33:00","2005.12.31 7:35:00"),("Csupa sajt","2","2005.12.31 7:15:00","2005.12.31 8:53:00"),("Tonhalas","1","2005.12.31 7:20:00","2005.12.31 8:36:00"),("Góré","1","2005.12.31 7:29:00","2005.12.31 8:41:00"),("Mamma fia","2","2005.12.31 8:16:00","2005.12.31 10:28:00"),("Mamma fia","1","2005.12.31 8:48:00","2005.12.31 11:26:00"),("Hercegnő","2","2005.12.31 9:23:00","2005.12.31 12:18:00"),("Mexikói","1","2005.12.31 10:18:00","2005.12.31 12:41:00"),("Excellent","1","2005.12.31 10:43:00","2005.12.31 12:45:00"),("Spanyol","3","2005.12.31 11:23:00","2005.12.31 14:31:00"),("Ráki","1","2005.12.31 11:40:00","2005.12.31 14:38:00"),("Quattro","1","2005.12.31 12:00:00","2005.12.31 13:05:00"),("Szardíniás","1","2005.12.31 12:54:00","2005.12.31 15:57:00"),("Mexikói","1","2005.12.31 13:12:00","2005.12.31 15:09:00"),("Hamm","3","2005.12.31 13:48:00","2005.12.31 15:26:00"),("Ráki","1","2005.12.31 14:21:00","2005.12.31 15:15:00"),("Görög","1","2005.12.31 14:49:00","2005.12.31 17:55:00"),("Francia","3","2005.12.31 14:51:00","2005.12.31 15:33:00"),("Főnök kedvence","2","2005.12.31 15:27:00","2005.12.31 16:19:00"),("Son-go-ku","2","2005.12.31 16:25:00","2005.12.31 18:58:00"),("Son-go-ku","1","2005.12.31 16:49:00","2005.12.31 17:48:00"),("Juhtúrós","3","2005.12.31 17:29:00","2005.12.31 17:59:00"),("Francia","1","2005.12.31 18:05:00","2005.12.31 20:35:00"),("Frankfurti","1","2005.12.31 18:44:00","2005.12.31 19:59:00"),("Pásztor","1","2005.12.31 18:47:00","2005.12.31 19:08:00"),("Ínyenc","1","2005.12.31 19:02:00","2005.12.31 21:16:00"),("Erdő kapitánya","1","2005.12.31 19:25:00","2005.12.31 21:22:00"),("Spanyol","1","2005.12.31 20:11:00","2005.12.31 20:34:00"),("Magyaros","1","2005.12.31 20:24:00","2005.12.31 22:10:00"),("Quattro","2","2005.12.31 20:45:00","2005.12.31 21:47:00"),("Son-go-ku","1","2005.12.31 21:27:00","2005.12.31 21:49:00"),("Mamma fia","1","2005.12.31 22:21:00","2005.12.31 23:29:00"),("Country","3","2005.12.31 22:46:00","2006.01.01 0:49:00"),("Szalámis","1","2005.12.31 22:58:00","2006.01.01 0:50:00"),("Barbecue chicken","1","2005.12.31 23:48:00","2006.01.01 1:59:00"),("Görög","1","2005.12.31 23:59:00","2006.01.01 1:23:00"),("Kétszínű","1","2006.01.01 0:08:00","2006.01.01 3:16:00"),("Juhtúrós","3","2006.01.01 0:16:00","2006.01.01 1:18:00"),("Country","2","2006.01.01 0:58:00","2006.01.01 2:56:00"),("Son-go-ku","3","2006.01.01 1:11:00","2006.01.01 3:38:00"),("Francia","1","2006.01.01 1:34:00","2006.01.01 2:25:00"),("Király pizza","1","2006.01.01 1:54:00","2006.01.01 3:14:00"),("Francia","1","2006.01.01 2:29:00","2006.01.01 5:17:00"),("Füstös","3","2006.01.01 2:36:00","2006.01.01 5:09:00"),("Tonhalas","2","2006.01.01 3:33:00","2006.01.01 5:56:00"),("Tündi kedvence","1","2006.01.01 3:47:00","2006.01.01 5:38:00"),("Csupa sajt","1","2006.01.01 3:59:00","2006.01.01 4:45:00"),("Spencer","3","2006.01.01 4:46:00","2006.01.01 7:41:00"),("Spencer","2","2006.01.01 5:16:00","2006.01.01 6:11:00"),("Tüzes halál","1","2006.01.01 5:54:00","2006.01.01 6:26:00"),("Góré","1","2006.01.01 6:31:00","2006.01.01 7:21:00"),("Rettenetes magyar","1","2006.01.01 7:08:00","2006.01.01 7:53:00"),("Füstös","3","2006.01.01 7:40:00","2006.01.01 8:55:00"),("Király pizza","1","2006.01.01 7:50:00","2006.01.01 9:51:00"),("Vega","1","2006.01.01 8:30:00","2006.01.01 10:09:00"),("Magyaros","1","2006.01.01 8:41:00","2006.01.01 11:44:00");